#
# There is insufficient memory for the Java Runtime Environment to continue.
# Native memory allocation (malloc) failed to allocate 1595216 bytes. Error detail: Chunk::new
# Possible reasons:
#   The system is out of physical RAM or swap space
#   This process is running with CompressedOops enabled, and the Java Heap may be blocking the growth of the native heap
# Possible solutions:
#   Reduce memory load on the system
#   Increase physical memory or swap space
#   Check if swap backing store is full
#   Decrease Java heap size (-Xmx/-Xms)
#   Decrease number of Java threads
#   Decrease Java thread stack sizes (-Xss)
#   Set larger code cache with -XX:ReservedCodeCacheSize=
#   JVM is running with Unscaled Compressed Oops mode in which the Java heap is
#     placed in the first 4GB address space. The Java Heap base address is the
#     maximum limit for the native heap growth. Please use -XX:HeapBaseMinAddress
#     to set the Java Heap base and to place the Java Heap above 4GB virtual address.
# This output file may be truncated or incomplete.
#
#  Out of Memory Error (arena.cpp:191), pid=15660, tid=20952
#
# JRE version: OpenJDK Runtime Environment Microsoft-11926163 (17.0.16+8) (build 17.0.16+8-LTS)
# Java VM: OpenJDK 64-Bit Server VM Microsoft-11926163 (17.0.16+8-LTS, mixed mode, sharing, tiered, compressed oops, compressed class ptrs, g1 gc, windows-amd64)
# No core dump will be written. Minidumps are not enabled by default on client versions of Windows
#

---------------  S U M M A R Y ------------

Command Line: -XX:MaxMetaspaceSize=512m --add-opens=java.base/java.util=ALL-UNNAMED --add-opens=java.base/java.lang=ALL-UNNAMED --add-opens=java.base/java.lang.invoke=ALL-UNNAMED --add-opens=java.prefs/java.util.prefs=ALL-UNNAMED --add-opens=java.base/java.nio.charset=ALL-UNNAMED --add-opens=java.base/java.net=ALL-UNNAMED --add-opens=java.base/java.util.concurrent.atomic=ALL-UNNAMED -Xmx2048m -Dfile.encoding=utf8 -Duser.country=IN -Duser.language=en -Duser.variant -javaagent:C:\Users\tarun\.gradle\wrapper\dists\gradle-8.3-all\6en3ugtfdg5xnpx44z4qbwgas\gradle-8.3\lib\agents\gradle-instrumentation-agent-8.3.jar org.gradle.launcher.daemon.bootstrap.GradleDaemon 8.3

Host: 11th Gen Intel(R) Core(TM) i5-1135G7 @ 2.40GHz, 8 cores, 15G,  Windows 11 , 64 bit Build 22621 (10.0.22621.5415)
Time: Mon Feb 23 12:42:19 2026 India Standard Time elapsed time: 447.815764 seconds (0d 0h 7m 27s)

---------------  T H R E A D  ---------------

Current thread (0x000001eb726ee940):  JavaThread "C2 CompilerThread0" daemon [_thread_in_native, id=20952, stack(0x0000005fe9800000,0x0000005fe9900000)]


Current CompileTask:
C2: 447815 28731  s!   4       org.gradle.internal.classloader.TransformReplacer$JarLoader::loadTransformedClass (56 bytes)

Stack: [0x0000005fe9800000,0x0000005fe9900000]
Native frames: (J=compiled Java code, j=interpreted, Vv=VM code, C=native code)
V  [jvm.dll+0x68ee19]
V  [jvm.dll+0x846249]
V  [jvm.dll+0x847fb8]
V  [jvm.dll+0x848643]
V  [jvm.dll+0x24cf6f]
V  [jvm.dll+0xaecb6]
V  [jvm.dll+0xaf35c]
V  [jvm.dll+0x37134f]
V  [jvm.dll+0x1c0703]
V  [jvm.dll+0x21e080]
V  [jvm.dll+0x21d36d]
V  [jvm.dll+0x1a8ce6]
V  [jvm.dll+0x22db1b]
V  [jvm.dll+0x22bca6]
V  [jvm.dll+0x7fba9b]
V  [jvm.dll+0x7f5e9c]
V  [jvm.dll+0x68dd27]
C  [ucrtbase.dll+0x29333]
C  [KERNEL32.DLL+0x1259d]
C  [ntdll.dll+0x5af78]


---------------  P R O C E S S  ---------------

Threads class SMR info:
_java_thread_list=0x000001eb7eaa2310, length=88, elements={
0x000001eb541cc0d0, 0x000001eb726d79b0, 0x000001eb726d8570, 0x000001eb726e8430,
0x000001eb726ea000, 0x000001eb726ec9d0, 0x000001eb726ed390, 0x000001eb726ee940,
0x000001eb726f5d00, 0x000001eb726ff840, 0x000001eb72800910, 0x000001eb72801840,
0x000001eb727ffef0, 0x000001eb72802c80, 0x000001eb72800e20, 0x000001eb72800400,
0x000001eb72803190, 0x000001eb791d1dc0, 0x000001eb791d0470, 0x000001eb791d3710,
0x000001eb791d27e0, 0x000001eb791cc2a0, 0x000001eb791cf540, 0x000001eb791cdbf0,
0x000001eb791d0e90, 0x000001eb791d2cf0, 0x000001eb791d18b0, 0x000001eb791cd1d0,
0x000001eb791ceb20, 0x000001eb7b271940, 0x000001eb7b273290, 0x000001eb7b26cd50,
0x000001eb7b26d770, 0x000001eb7b26d260, 0x000001eb7bc1c790, 0x000001eb78f55dc0,
0x000001eb7d0843e0, 0x000001eb7d0848f0, 0x000001eb7d29a530, 0x000001eb7f50d0d0,
0x000001eb2b848b50, 0x000001eb2b848130, 0x000001eb7ce989f0, 0x000001eb7ce975b0,
0x000001eb7ce99410, 0x000001eb7ce9a850, 0x000001eb7ce970a0, 0x000001eb7ce97ac0,
0x000001eb7e242790, 0x000001eb7e241d70, 0x000001eb7e23f4f0, 0x000001eb7db05cb0,
0x000001eb7db05290, 0x000001eb7db070f0, 0x000001eb7db061c0, 0x000001eb7db07600,
0x000001eb7db07b10, 0x000001eb7db04d80, 0x000001eb7db08020, 0x000001eb7ce9a340,
0x000001eb7ce97fd0, 0x000001eb784eb940, 0x000001eb7e23efe0, 0x000001eb7b2741c0,
0x000001eb7f571b30, 0x000001eb7f572f70, 0x000001eb7f573990, 0x000001eb7bc49020,
0x000001eb7bc49a40, 0x000001eb7bc49530, 0x000001eb7bc4a970, 0x000001eb7bc49f50,
0x000001eb784edcb0, 0x000001eb784ebe50, 0x000001eb784ec360, 0x000001eb784ec870,
0x000001eb7d659a90, 0x000001eb7d65a9c0, 0x000001eb7d659070, 0x000001eb2b849570,
0x000001eb7bc4ae80, 0x000001eb7db057a0, 0x000001eb7db066d0, 0x000001eb7db06be0,
0x000001eb7f50e510, 0x000001eb7f50ea20, 0x000001eb7f50b270, 0x000001eb7f50b780
}

Java Threads: ( => current thread )
  0x000001eb541cc0d0 JavaThread "main" [_thread_blocked, id=21436, stack(0x0000005fe8b00000,0x0000005fe8c00000)]
  0x000001eb726d79b0 JavaThread "Reference Handler" daemon [_thread_blocked, id=14840, stack(0x0000005fe9200000,0x0000005fe9300000)]
  0x000001eb726d8570 JavaThread "Finalizer" daemon [_thread_blocked, id=19700, stack(0x0000005fe9300000,0x0000005fe9400000)]
  0x000001eb726e8430 JavaThread "Signal Dispatcher" daemon [_thread_blocked, id=13688, stack(0x0000005fe9400000,0x0000005fe9500000)]
  0x000001eb726ea000 JavaThread "Attach Listener" daemon [_thread_blocked, id=10044, stack(0x0000005fe9500000,0x0000005fe9600000)]
  0x000001eb726ec9d0 JavaThread "Service Thread" daemon [_thread_blocked, id=20384, stack(0x0000005fe9600000,0x0000005fe9700000)]
  0x000001eb726ed390 JavaThread "Monitor Deflation Thread" daemon [_thread_blocked, id=17024, stack(0x0000005fe9700000,0x0000005fe9800000)]
=>0x000001eb726ee940 JavaThread "C2 CompilerThread0" daemon [_thread_in_native, id=20952, stack(0x0000005fe9800000,0x0000005fe9900000)]
  0x000001eb726f5d00 JavaThread "C1 CompilerThread0" daemon [_thread_blocked, id=1640, stack(0x0000005fe9900000,0x0000005fe9a00000)]
  0x000001eb726ff840 JavaThread "Sweeper thread" daemon [_thread_blocked, id=21224, stack(0x0000005fe9a00000,0x0000005fe9b00000)]
  0x000001eb72800910 JavaThread "Common-Cleaner" daemon [_thread_blocked, id=6700, stack(0x0000005fe9b00000,0x0000005fe9c00000)]
  0x000001eb72801840 JavaThread "Notification Thread" daemon [_thread_blocked, id=7544, stack(0x0000005fe9c00000,0x0000005fe9d00000)]
  0x000001eb727ffef0 JavaThread "Daemon health stats" [_thread_blocked, id=6104, stack(0x0000005fea500000,0x0000005fea600000)]
  0x000001eb72802c80 JavaThread "Incoming local TCP Connector on port 64587" [_thread_in_native, id=8736, stack(0x0000005fe9e00000,0x0000005fe9f00000)]
  0x000001eb72800e20 JavaThread "Daemon periodic checks" [_thread_blocked, id=21876, stack(0x0000005fe9f00000,0x0000005fea000000)]
  0x000001eb72800400 JavaThread "Daemon" [_thread_blocked, id=15892, stack(0x0000005fea600000,0x0000005fea700000)]
  0x000001eb72803190 JavaThread "Daemon worker" [_thread_in_native, id=7872, stack(0x0000005fea900000,0x0000005feaa00000)]
  0x000001eb791d1dc0 JavaThread "Cache worker for journal cache (C:\Users\tarun\.gradle\caches\journal-1)" [_thread_blocked, id=13336, stack(0x0000005fead00000,0x0000005feae00000)]
  0x000001eb791d0470 JavaThread "File lock request listener" [_thread_in_native, id=19316, stack(0x0000005feae00000,0x0000005feaf00000)]
  0x000001eb791d3710 JavaThread "Cache worker for file hash cache (C:\Users\tarun\.gradle\caches\8.3\fileHashes)" [_thread_blocked, id=12492, stack(0x0000005feb000000,0x0000005feb100000)]
  0x000001eb791d27e0 JavaThread "File watcher server" daemon [_thread_in_native, id=1448, stack(0x0000005feb100000,0x0000005feb200000)]
  0x000001eb791cc2a0 JavaThread "File watcher consumer" daemon [_thread_blocked, id=18572, stack(0x0000005feb200000,0x0000005feb300000)]
  0x000001eb791cf540 JavaThread "jar transforms" [_thread_blocked, id=11524, stack(0x0000005feb400000,0x0000005feb500000)]
  0x000001eb791cdbf0 JavaThread "jar transforms Thread 2" [_thread_blocked, id=7344, stack(0x0000005feb500000,0x0000005feb600000)]
  0x000001eb791d0e90 JavaThread "jar transforms Thread 3" [_thread_blocked, id=6796, stack(0x0000005feb600000,0x0000005feb700000)]
  0x000001eb791d2cf0 JavaThread "Cache worker for file content cache (C:\Users\tarun\.gradle\caches\8.3\fileContent)" [_thread_blocked, id=23164, stack(0x0000005febc00000,0x0000005febd00000)]
  0x000001eb791d18b0 JavaThread "Cache worker for execution history cache (C:\Users\tarun\.gradle\caches\8.3\executionHistory)" [_thread_blocked, id=22280, stack(0x0000005feaf00000,0x0000005feb000000)]
  0x000001eb791cd1d0 JavaThread "jar transforms Thread 4" [_thread_blocked, id=18676, stack(0x0000005fec100000,0x0000005fec200000)]
  0x000001eb791ceb20 JavaThread "jar transforms Thread 5" [_thread_blocked, id=1896, stack(0x0000005fec200000,0x0000005fec300000)]
  0x000001eb7b271940 JavaThread "jar transforms Thread 6" [_thread_blocked, id=1064, stack(0x0000005fec300000,0x0000005fec400000)]
  0x000001eb7b273290 JavaThread "jar transforms Thread 7" [_thread_blocked, id=8632, stack(0x0000005fec400000,0x0000005fec500000)]
  0x000001eb7b26cd50 JavaThread "jar transforms Thread 8" [_thread_blocked, id=22396, stack(0x0000005febf00000,0x0000005fec000000)]
  0x000001eb7b26d770 JavaThread "Cache worker for kotlin-dsl (C:\Users\tarun\.gradle\caches\8.3\kotlin-dsl)" [_thread_blocked, id=8440, stack(0x0000005fec800000,0x0000005fec900000)]
  0x000001eb7b26d260 JavaThread "Memory manager" [_thread_blocked, id=13548, stack(0x0000005fed300000,0x0000005fed400000)]
  0x000001eb7bc1c790 JavaThread "ForkJoinPool.commonPool-worker-2" daemon [_thread_blocked, id=23360, stack(0x0000005fed700000,0x0000005fed800000)]
  0x000001eb78f55dc0 JavaThread "ForkJoinPool.commonPool-worker-5" daemon [_thread_blocked, id=16040, stack(0x0000005feda00000,0x0000005fedb00000)]
  0x000001eb7d0843e0 JavaThread "ForkJoinPool.commonPool-worker-6" daemon [_thread_blocked, id=18996, stack(0x0000005fedb00000,0x0000005fedc00000)]
  0x000001eb7d0848f0 JavaThread "ForkJoinPool.commonPool-worker-7" daemon [_thread_blocked, id=11792, stack(0x0000005fedc00000,0x0000005fedd00000)]
  0x000001eb7d29a530 JavaThread "File lock release action executor Thread 2" [_thread_blocked, id=23060, stack(0x0000005fee000000,0x0000005fee100000)]
  0x000001eb7f50d0d0 JavaThread "pool-3-thread-1" [_thread_blocked, id=11344, stack(0x0000005ff2700000,0x0000005ff2800000)]
  0x000001eb2b848b50 JavaThread "Handler for socket connection from /127.0.0.1:64587 to /127.0.0.1:53497" [_thread_in_native, id=11496, stack(0x0000005fe8900000,0x0000005fe8a00000)]
  0x000001eb2b848130 JavaThread "Cancel handler" [_thread_blocked, id=11732, stack(0x0000005fea700000,0x0000005fea800000)]
  0x000001eb7ce989f0 JavaThread "Asynchronous log dispatcher for DefaultDaemonConnection: socket connection from /127.0.0.1:64587 to /127.0.0.1:53497" [_thread_blocked, id=8204, stack(0x0000005fea800000,0x0000005fea900000)]
  0x000001eb7ce975b0 JavaThread "Daemon client event forwarder" [_thread_blocked, id=21760, stack(0x0000005feac00000,0x0000005fead00000)]
  0x000001eb7ce99410 JavaThread "Cache worker for checksums cache (D:\Civic connect\apps\mobile\android\.gradle\8.3\checksums)" [_thread_blocked, id=21560, stack(0x0000005feb300000,0x0000005feb400000)]
  0x000001eb7ce9a850 JavaThread "Cache worker for file hash cache (D:\Civic connect\apps\mobile\android\.gradle\8.3\fileHashes)" [_thread_blocked, id=16760, stack(0x0000005feba00000,0x0000005febb00000)]
  0x000001eb7ce970a0 JavaThread "Cache worker for cache directory md-supplier (C:\Users\tarun\.gradle\caches\8.3\md-supplier)" [_thread_blocked, id=20996, stack(0x0000005febb00000,0x0000005febc00000)]
  0x000001eb7ce97ac0 JavaThread "Cache worker for cache directory md-rule (C:\Users\tarun\.gradle\caches\8.3\md-rule)" [_thread_blocked, id=8404, stack(0x0000005febd00000,0x0000005febe00000)]
  0x000001eb7e242790 JavaThread "Unconstrained build operations" [_thread_blocked, id=19484, stack(0x0000005fe8800000,0x0000005fe8900000)]
  0x000001eb7e241d70 JavaThread "Unconstrained build operations Thread 2" [_thread_blocked, id=8512, stack(0x0000005feaa00000,0x0000005feab00000)]
  0x000001eb7e23f4f0 JavaThread "Cache worker for dependencies-accessors (D:\Civic connect\apps\mobile\android\.gradle\8.3\dependencies-accessors)" [_thread_blocked, id=15196, stack(0x0000005febe00000,0x0000005febf00000)]
  0x000001eb7db05cb0 JavaThread "Cache worker for Build Output Cleanup Cache (D:\Civic connect\node_modules\@react-native\gradle-plugin\.gradle\buildOutputCleanup)" [_thread_blocked, id=5384, stack(0x0000005fec000000,0x0000005fec100000)]
  0x000001eb7db05290 JavaThread "Unconstrained build operations Thread 3" [_thread_blocked, id=17664, stack(0x0000005fec500000,0x0000005fec600000)]
  0x000001eb7db070f0 JavaThread "Unconstrained build operations Thread 4" [_thread_blocked, id=22848, stack(0x0000005fec900000,0x0000005feca00000)]
  0x000001eb7db061c0 JavaThread "Unconstrained build operations Thread 5" [_thread_blocked, id=22876, stack(0x0000005feca00000,0x0000005fecb00000)]
  0x000001eb7db07600 JavaThread "Unconstrained build operations Thread 6" [_thread_blocked, id=5184, stack(0x0000005fecb00000,0x0000005fecc00000)]
  0x000001eb7db07b10 JavaThread "Unconstrained build operations Thread 7" [_thread_blocked, id=16604, stack(0x0000005fecc00000,0x0000005fecd00000)]
  0x000001eb7db04d80 JavaThread "Unconstrained build operations Thread 8" [_thread_blocked, id=8876, stack(0x0000005fecd00000,0x0000005fece00000)]
  0x000001eb7db08020 JavaThread "Unconstrained build operations Thread 9" [_thread_blocked, id=12716, stack(0x0000005fece00000,0x0000005fecf00000)]
  0x000001eb7ce9a340 JavaThread "Cache worker for Build Output Cleanup Cache (D:\Civic connect\apps\mobile\android\.gradle\buildOutputCleanup)" [_thread_blocked, id=4856, stack(0x0000005fecf00000,0x0000005fed000000)]
  0x000001eb7ce97fd0 JavaThread "ForkJoinPool.commonPool-worker-11" daemon [_thread_blocked, id=14780, stack(0x0000005fed000000,0x0000005fed100000)]
  0x000001eb784eb940 JavaThread "ForkJoinPool.commonPool-worker-12" daemon [_thread_blocked, id=20660, stack(0x0000005fed100000,0x0000005fed200000)]
  0x000001eb7e23efe0 JavaThread "ForkJoinPool.commonPool-worker-10" daemon [_thread_blocked, id=11256, stack(0x0000005fed200000,0x0000005fed300000)]
  0x000001eb7b2741c0 JavaThread "included builds" [_thread_blocked, id=16068, stack(0x0000005fed400000,0x0000005fed500000)]
  0x000001eb7f571b30 JavaThread "Execution worker" [_thread_blocked, id=16380, stack(0x0000005fed500000,0x0000005fed600000)]
  0x000001eb7f572f70 JavaThread "Execution worker Thread 2" [_thread_blocked, id=14116, stack(0x0000005fed600000,0x0000005fed700000)]
  0x000001eb7f573990 JavaThread "Execution worker Thread 3" [_thread_blocked, id=22616, stack(0x0000005fed800000,0x0000005fed900000)]
  0x000001eb7bc49020 JavaThread "Execution worker Thread 4" [_thread_blocked, id=12948, stack(0x0000005fed900000,0x0000005feda00000)]
  0x000001eb7bc49a40 JavaThread "Execution worker Thread 5" [_thread_blocked, id=17412, stack(0x0000005fedd00000,0x0000005fede00000)]
  0x000001eb7bc49530 JavaThread "Execution worker Thread 6" [_thread_blocked, id=6200, stack(0x0000005fede00000,0x0000005fedf00000)]
  0x000001eb7bc4a970 JavaThread "Execution worker Thread 7" [_thread_blocked, id=8928, stack(0x0000005fedf00000,0x0000005fee000000)]
  0x000001eb7bc49f50 JavaThread "Cache worker for execution history cache (D:\Civic connect\node_modules\@react-native\gradle-plugin\.gradle\8.3\executionHistory)" [_thread_blocked, id=10628, stack(0x0000005fee100000,0x0000005fee200000)]
  0x000001eb784edcb0 JavaThread "Unconstrained build operations Thread 10" [_thread_blocked, id=18520, stack(0x0000005fee200000,0x0000005fee300000)]
  0x000001eb784ebe50 JavaThread "Unconstrained build operations Thread 11" [_thread_blocked, id=20756, stack(0x0000005fee300000,0x0000005fee400000)]
  0x000001eb784ec360 JavaThread "Unconstrained build operations Thread 12" [_thread_blocked, id=11008, stack(0x0000005fee400000,0x0000005fee500000)]
  0x000001eb784ec870 JavaThread "Unconstrained build operations Thread 13" [_thread_blocked, id=3276, stack(0x0000005fee500000,0x0000005fee600000)]
  0x000001eb7d659a90 JavaThread "Unconstrained build operations Thread 14" [_thread_blocked, id=15476, stack(0x0000005fee600000,0x0000005fee700000)]
  0x000001eb7d65a9c0 JavaThread "Unconstrained build operations Thread 15" [_thread_blocked, id=5752, stack(0x0000005fee700000,0x0000005fee800000)]
  0x000001eb7d659070 JavaThread "Unconstrained build operations Thread 16" [_thread_blocked, id=21312, stack(0x0000005fee800000,0x0000005fee900000)]
  0x000001eb2b849570 JavaThread "Unconstrained build operations Thread 17" [_thread_blocked, id=20312, stack(0x0000005fee900000,0x0000005feea00000)]
  0x000001eb7bc4ae80 JavaThread "Unconstrained build operations Thread 18" [_thread_blocked, id=23352, stack(0x0000005feea00000,0x0000005feeb00000)]
  0x000001eb7db057a0 JavaThread "Unconstrained build operations Thread 19" [_thread_blocked, id=1500, stack(0x0000005feeb00000,0x0000005feec00000)]
  0x000001eb7db066d0 JavaThread "Unconstrained build operations Thread 20" [_thread_blocked, id=6764, stack(0x0000005feec00000,0x0000005feed00000)]
  0x000001eb7db06be0 JavaThread "Unconstrained build operations Thread 21" [_thread_blocked, id=8924, stack(0x0000005feed00000,0x0000005feee00000)]
  0x000001eb7f50e510 JavaThread "Unconstrained build operations Thread 22" [_thread_blocked, id=20692, stack(0x0000005feee00000,0x0000005feef00000)]
  0x000001eb7f50ea20 JavaThread "Unconstrained build operations Thread 23" [_thread_blocked, id=11516, stack(0x0000005feef00000,0x0000005fef000000)]
  0x000001eb7f50b270 JavaThread "Unconstrained build operations Thread 24" [_thread_blocked, id=16200, stack(0x0000005fef000000,0x0000005fef100000)]
  0x000001eb7f50b780 JavaThread "Unconstrained build operations Thread 25" [_thread_blocked, id=21796, stack(0x0000005fef100000,0x0000005fef200000)]

Other Threads:
  0x000001eb726d3070 VMThread "VM Thread" [stack: 0x0000005fe9100000,0x0000005fe9200000] [id=20520]
  0x000001eb541ccf50 WatcherThread [stack: 0x0000005fe9d00000,0x0000005fe9e00000] [id=18244]
  0x000001eb54228d30 GCTaskThread "GC Thread#0" [stack: 0x0000005fe8c00000,0x0000005fe8d00000] [id=20868]
  0x000001eb779cc110 GCTaskThread "GC Thread#1" [stack: 0x0000005fea000000,0x0000005fea100000] [id=16208]
  0x000001eb77545670 GCTaskThread "GC Thread#2" [stack: 0x0000005fea100000,0x0000005fea200000] [id=9840]
  0x000001eb77545930 GCTaskThread "GC Thread#3" [stack: 0x0000005fea200000,0x0000005fea300000] [id=6824]
  0x000001eb77545bf0 GCTaskThread "GC Thread#4" [stack: 0x0000005fea300000,0x0000005fea400000] [id=18680]
  0x000001eb77545eb0 GCTaskThread "GC Thread#5" [stack: 0x0000005fea400000,0x0000005fea500000] [id=1900]
  0x000001eb79dc4610 GCTaskThread "GC Thread#6" [stack: 0x0000005feb700000,0x0000005feb800000] [id=16928]
  0x000001eb79dc53d0 GCTaskThread "GC Thread#7" [stack: 0x0000005feb800000,0x0000005feb900000] [id=5680]
  0x000001eb54239c80 ConcurrentGCThread "G1 Main Marker" [stack: 0x0000005fe8d00000,0x0000005fe8e00000] [id=7360]
  0x000001eb5423bcc0 ConcurrentGCThread "G1 Conc#0" [stack: 0x0000005fe8e00000,0x0000005fe8f00000] [id=5748]
  0x000001eb79dc5690 ConcurrentGCThread "G1 Conc#1" [stack: 0x0000005feb900000,0x0000005feba00000] [id=21676]
  0x000001eb5427db40 ConcurrentGCThread "G1 Refine#0" [stack: 0x0000005fe8f00000,0x0000005fe9000000] [id=22784]
  0x000001eb7940a450 ConcurrentGCThread "G1 Refine#1" [stack: 0x0000005fec600000,0x0000005fec700000] [id=23024]
  0x000001eb7940a740 ConcurrentGCThread "G1 Refine#2" [stack: 0x0000005fec700000,0x0000005fec800000] [id=11536]
  0x000001eb798c36a0 ConcurrentGCThread "G1 Refine#3" [stack: 0x0000005fe8a00000,0x0000005fe8b00000] [id=3832]
  0x000001eb798c4550 ConcurrentGCThread "G1 Refine#4" [stack: 0x0000005feab00000,0x0000005feac00000] [id=6340]
  0x000001eb5427e410 ConcurrentGCThread "G1 Service" [stack: 0x0000005fe9000000,0x0000005fe9100000] [id=12228]

Threads with active compile tasks:
C2 CompilerThread0   447847 28731  s!   4       org.gradle.internal.classloader.TransformReplacer$JarLoader::loadTransformedClass (56 bytes)

VM state: not at safepoint (normal execution)

VM Mutex/Monitor currently owned by a thread: None

Heap address: 0x0000000080000000, size: 2048 MB, Compressed Oops mode: 32-bit

CDS archive(s) mapped at: [0x000001eb00000000-0x000001eb00bb0000-0x000001eb00bb0000), size 12255232, SharedBaseAddress: 0x000001eb00000000, ArchiveRelocationMode: 1.
Compressed class space mapped at: 0x000001eb01000000-0x000001eb1b000000, reserved size: 436207616
Narrow klass base: 0x000001eb00000000, Narrow klass shift: 0, Narrow klass range: 0x100000000

GC Precious Log:
 CPUs: 8 total, 8 available
 Memory: 16118M
 Large Page Support: Disabled
 NUMA Support: Disabled
 Compressed Oops: Enabled (32-bit)
 Heap Region Size: 1M
 Heap Min Capacity: 8M
 Heap Initial Capacity: 252M
 Heap Max Capacity: 2G
 Pre-touch: Disabled
 Parallel Workers: 8
 Concurrent Workers: 2
 Concurrent Refinement Workers: 8
 Periodic GC: Disabled

Heap:
 garbage-first heap   total 588800K, used 376974K [0x0000000080000000, 0x0000000100000000)
  region size 1024K, 26 young (26624K), 13 survivors (13312K)
 Metaspace       used 192552K, committed 194624K, reserved 622592K
  class space    used 24931K, committed 25920K, reserved 425984K

Heap Regions: E=young(eden), S=young(survivor), O=old, HS=humongous(starts), HC=humongous(continues), CS=collection set, F=free, OA=open archive, CA=closed archive, TAMS=top-at-mark-start (previous, next)
|   0|0x0000000080000000, 0x0000000080100000, 0x0000000080100000|100%|HS|  |TAMS 0x0000000080100000, 0x0000000080000000| Complete 
|   1|0x0000000080100000, 0x0000000080200000, 0x0000000080200000|100%|HC|  |TAMS 0x0000000080200000, 0x0000000080100000| Complete 
|   2|0x0000000080200000, 0x0000000080300000, 0x0000000080300000|100%|HC|  |TAMS 0x0000000080300000, 0x0000000080200000| Complete 
|   3|0x0000000080300000, 0x0000000080400000, 0x0000000080400000|100%|HC|  |TAMS 0x0000000080400000, 0x0000000080300000| Complete 
|   4|0x0000000080400000, 0x0000000080500000, 0x0000000080500000|100%| O|  |TAMS 0x0000000080500000, 0x0000000080400000| Untracked 
|   5|0x0000000080500000, 0x0000000080600000, 0x0000000080600000|100%| O|  |TAMS 0x0000000080600000, 0x0000000080500000| Untracked 
|   6|0x0000000080600000, 0x0000000080700000, 0x0000000080700000|100%| O|  |TAMS 0x0000000080700000, 0x0000000080600000| Untracked 
|   7|0x0000000080700000, 0x0000000080800000, 0x0000000080800000|100%| O|  |TAMS 0x0000000080800000, 0x0000000080700000| Untracked 
|   8|0x0000000080800000, 0x0000000080900000, 0x0000000080900000|100%| O|  |TAMS 0x0000000080900000, 0x0000000080800000| Untracked 
|   9|0x0000000080900000, 0x0000000080a00000, 0x0000000080a00000|100%| O|  |TAMS 0x0000000080a00000, 0x0000000080900000| Untracked 
|  10|0x0000000080a00000, 0x0000000080b00000, 0x0000000080b00000|100%| O|  |TAMS 0x0000000080b00000, 0x0000000080a00000| Untracked 
|  11|0x0000000080b00000, 0x0000000080c00000, 0x0000000080c00000|100%| O|  |TAMS 0x0000000080c00000, 0x0000000080b00000| Untracked 
|  12|0x0000000080c00000, 0x0000000080d00000, 0x0000000080d00000|100%| O|  |TAMS 0x0000000080d00000, 0x0000000080c00000| Untracked 
|  13|0x0000000080d00000, 0x0000000080e00000, 0x0000000080e00000|100%| O|  |TAMS 0x0000000080e00000, 0x0000000080d00000| Untracked 
|  14|0x0000000080e00000, 0x0000000080f00000, 0x0000000080f00000|100%| O|  |TAMS 0x0000000080f00000, 0x0000000080e00000| Untracked 
|  15|0x0000000080f00000, 0x0000000081000000, 0x0000000081000000|100%| O|  |TAMS 0x0000000081000000, 0x0000000080f00000| Untracked 
|  16|0x0000000081000000, 0x0000000081100000, 0x0000000081100000|100%| O|  |TAMS 0x0000000081100000, 0x0000000081000000| Untracked 
|  17|0x0000000081100000, 0x0000000081200000, 0x0000000081200000|100%| O|  |TAMS 0x0000000081200000, 0x0000000081100000| Untracked 
|  18|0x0000000081200000, 0x0000000081300000, 0x0000000081300000|100%| O|  |TAMS 0x0000000081300000, 0x0000000081200000| Untracked 
|  19|0x0000000081300000, 0x0000000081400000, 0x0000000081400000|100%| O|  |TAMS 0x0000000081400000, 0x0000000081300000| Untracked 
|  20|0x0000000081400000, 0x0000000081500000, 0x0000000081500000|100%| O|  |TAMS 0x0000000081500000, 0x0000000081400000| Untracked 
|  21|0x0000000081500000, 0x0000000081600000, 0x0000000081600000|100%| O|  |TAMS 0x0000000081600000, 0x0000000081500000| Untracked 
|  22|0x0000000081600000, 0x0000000081700000, 0x0000000081700000|100%| O|  |TAMS 0x0000000081700000, 0x0000000081600000| Untracked 
|  23|0x0000000081700000, 0x0000000081800000, 0x0000000081800000|100%| O|  |TAMS 0x0000000081800000, 0x0000000081700000| Untracked 
|  24|0x0000000081800000, 0x0000000081900000, 0x0000000081900000|100%| O|  |TAMS 0x0000000081900000, 0x0000000081800000| Untracked 
|  25|0x0000000081900000, 0x0000000081a00000, 0x0000000081a00000|100%| O|  |TAMS 0x0000000081a00000, 0x0000000081900000| Untracked 
|  26|0x0000000081a00000, 0x0000000081b00000, 0x0000000081b00000|100%| O|  |TAMS 0x0000000081b00000, 0x0000000081a00000| Untracked 
|  27|0x0000000081b00000, 0x0000000081c00000, 0x0000000081c00000|100%| O|  |TAMS 0x0000000081c00000, 0x0000000081b00000| Untracked 
|  28|0x0000000081c00000, 0x0000000081d00000, 0x0000000081d00000|100%| O|  |TAMS 0x0000000081d00000, 0x0000000081c00000| Untracked 
|  29|0x0000000081d00000, 0x0000000081e00000, 0x0000000081e00000|100%| O|  |TAMS 0x0000000081e00000, 0x0000000081d00000| Untracked 
|  30|0x0000000081e00000, 0x0000000081f00000, 0x0000000081f00000|100%| O|  |TAMS 0x0000000081f00000, 0x0000000081e00000| Untracked 
|  31|0x0000000081f00000, 0x0000000082000000, 0x0000000082000000|100%| O|  |TAMS 0x0000000082000000, 0x0000000081f00000| Untracked 
|  32|0x0000000082000000, 0x0000000082100000, 0x0000000082100000|100%| O|  |TAMS 0x0000000082100000, 0x0000000082000000| Untracked 
|  33|0x0000000082100000, 0x0000000082200000, 0x0000000082200000|100%| O|  |TAMS 0x0000000082200000, 0x0000000082100000| Untracked 
|  34|0x0000000082200000, 0x0000000082300000, 0x0000000082300000|100%| O|  |TAMS 0x0000000082300000, 0x0000000082200000| Untracked 
|  35|0x0000000082300000, 0x0000000082400000, 0x0000000082400000|100%| O|  |TAMS 0x0000000082400000, 0x0000000082300000| Untracked 
|  36|0x0000000082400000, 0x0000000082500000, 0x0000000082500000|100%| O|  |TAMS 0x0000000082500000, 0x0000000082400000| Untracked 
|  37|0x0000000082500000, 0x0000000082600000, 0x0000000082600000|100%| O|  |TAMS 0x0000000082600000, 0x0000000082500000| Untracked 
|  38|0x0000000082600000, 0x0000000082700000, 0x0000000082700000|100%| O|  |TAMS 0x0000000082700000, 0x0000000082600000| Untracked 
|  39|0x0000000082700000, 0x0000000082800000, 0x0000000082800000|100%| O|  |TAMS 0x0000000082800000, 0x0000000082700000| Untracked 
|  40|0x0000000082800000, 0x0000000082900000, 0x0000000082900000|100%| O|  |TAMS 0x0000000082900000, 0x0000000082800000| Untracked 
|  41|0x0000000082900000, 0x0000000082a00000, 0x0000000082a00000|100%| O|  |TAMS 0x0000000082a00000, 0x0000000082900000| Untracked 
|  42|0x0000000082a00000, 0x0000000082b00000, 0x0000000082b00000|100%| O|  |TAMS 0x0000000082b00000, 0x0000000082a00000| Untracked 
|  43|0x0000000082b00000, 0x0000000082c00000, 0x0000000082c00000|100%| O|  |TAMS 0x0000000082c00000, 0x0000000082b00000| Untracked 
|  44|0x0000000082c00000, 0x0000000082d00000, 0x0000000082d00000|100%| O|  |TAMS 0x0000000082d00000, 0x0000000082c00000| Untracked 
|  45|0x0000000082d00000, 0x0000000082e00000, 0x0000000082e00000|100%| O|  |TAMS 0x0000000082e00000, 0x0000000082d00000| Untracked 
|  46|0x0000000082e00000, 0x0000000082f00000, 0x0000000082f00000|100%| O|  |TAMS 0x0000000082f00000, 0x0000000082e00000| Untracked 
|  47|0x0000000082f00000, 0x0000000083000000, 0x0000000083000000|100%| O|  |TAMS 0x0000000083000000, 0x0000000082f00000| Untracked 
|  48|0x0000000083000000, 0x0000000083100000, 0x0000000083100000|100%| O|  |TAMS 0x0000000083100000, 0x0000000083000000| Untracked 
|  49|0x0000000083100000, 0x0000000083200000, 0x0000000083200000|100%| O|  |TAMS 0x0000000083200000, 0x0000000083100000| Untracked 
|  50|0x0000000083200000, 0x0000000083300000, 0x0000000083300000|100%| O|  |TAMS 0x0000000083300000, 0x0000000083200000| Untracked 
|  51|0x0000000083300000, 0x0000000083400000, 0x0000000083400000|100%| O|  |TAMS 0x0000000083400000, 0x0000000083300000| Untracked 
|  52|0x0000000083400000, 0x0000000083500000, 0x0000000083500000|100%|HS|  |TAMS 0x0000000083500000, 0x0000000083400000| Complete 
|  53|0x0000000083500000, 0x0000000083600000, 0x0000000083600000|100%| O|  |TAMS 0x0000000083600000, 0x0000000083500000| Untracked 
|  54|0x0000000083600000, 0x0000000083700000, 0x0000000083700000|100%| O|  |TAMS 0x0000000083700000, 0x0000000083600000| Untracked 
|  55|0x0000000083700000, 0x0000000083800000, 0x0000000083800000|100%| O|  |TAMS 0x0000000083800000, 0x0000000083700000| Untracked 
|  56|0x0000000083800000, 0x0000000083900000, 0x0000000083900000|100%| O|  |TAMS 0x0000000083900000, 0x0000000083800000| Untracked 
|  57|0x0000000083900000, 0x0000000083a00000, 0x0000000083a00000|100%| O|  |TAMS 0x0000000083a00000, 0x0000000083900000| Untracked 
|  58|0x0000000083a00000, 0x0000000083b00000, 0x0000000083b00000|100%| O|  |TAMS 0x0000000083b00000, 0x0000000083a00000| Untracked 
|  59|0x0000000083b00000, 0x0000000083c00000, 0x0000000083c00000|100%| O|  |TAMS 0x0000000083c00000, 0x0000000083b00000| Untracked 
|  60|0x0000000083c00000, 0x0000000083d00000, 0x0000000083d00000|100%|HS|  |TAMS 0x0000000083d00000, 0x0000000083c00000| Complete 
|  61|0x0000000083d00000, 0x0000000083e00000, 0x0000000083e00000|100%|HC|  |TAMS 0x0000000083e00000, 0x0000000083d00000| Complete 
|  62|0x0000000083e00000, 0x0000000083f00000, 0x0000000083f00000|100%|HS|  |TAMS 0x0000000083f00000, 0x0000000083e00000| Complete 
|  63|0x0000000083f00000, 0x0000000084000000, 0x0000000084000000|100%|HC|  |TAMS 0x0000000084000000, 0x0000000083f00000| Complete 
|  64|0x0000000084000000, 0x0000000084100000, 0x0000000084100000|100%|HS|  |TAMS 0x0000000084100000, 0x0000000084000000| Complete 
|  65|0x0000000084100000, 0x0000000084200000, 0x0000000084200000|100%|HC|  |TAMS 0x0000000084200000, 0x0000000084100000| Complete 
|  66|0x0000000084200000, 0x0000000084300000, 0x0000000084300000|100%|HC|  |TAMS 0x0000000084300000, 0x0000000084200000| Complete 
|  67|0x0000000084300000, 0x0000000084400000, 0x0000000084400000|100%|HC|  |TAMS 0x0000000084400000, 0x0000000084300000| Complete 
|  68|0x0000000084400000, 0x0000000084500000, 0x0000000084500000|100%| O|  |TAMS 0x0000000084500000, 0x0000000084400000| Untracked 
|  69|0x0000000084500000, 0x0000000084600000, 0x0000000084600000|100%| O|  |TAMS 0x0000000084600000, 0x0000000084500000| Untracked 
|  70|0x0000000084600000, 0x0000000084700000, 0x0000000084700000|100%|HS|  |TAMS 0x0000000084700000, 0x0000000084600000| Complete 
|  71|0x0000000084700000, 0x0000000084800000, 0x0000000084800000|100%| O|  |TAMS 0x0000000084800000, 0x0000000084700000| Untracked 
|  72|0x0000000084800000, 0x0000000084900000, 0x0000000084900000|100%|HS|  |TAMS 0x0000000084900000, 0x0000000084800000| Complete 
|  73|0x0000000084900000, 0x0000000084a00000, 0x0000000084a00000|100%|HC|  |TAMS 0x0000000084a00000, 0x0000000084900000| Complete 
|  74|0x0000000084a00000, 0x0000000084b00000, 0x0000000084b00000|100%|HC|  |TAMS 0x0000000084b00000, 0x0000000084a00000| Complete 
|  75|0x0000000084b00000, 0x0000000084c00000, 0x0000000084c00000|100%|HC|  |TAMS 0x0000000084c00000, 0x0000000084b00000| Complete 
|  76|0x0000000084c00000, 0x0000000084d00000, 0x0000000084d00000|100%| O|  |TAMS 0x0000000084d00000, 0x0000000084c00000| Untracked 
|  77|0x0000000084d00000, 0x0000000084e00000, 0x0000000084e00000|100%| O|  |TAMS 0x0000000084e00000, 0x0000000084d00000| Untracked 
|  78|0x0000000084e00000, 0x0000000084f00000, 0x0000000084f00000|100%| O|  |TAMS 0x0000000084f00000, 0x0000000084e00000| Untracked 
|  79|0x0000000084f00000, 0x0000000085000000, 0x0000000085000000|100%| O|  |TAMS 0x0000000085000000, 0x0000000084f00000| Untracked 
|  80|0x0000000085000000, 0x0000000085100000, 0x0000000085100000|100%| O|  |TAMS 0x0000000085100000, 0x0000000085000000| Untracked 
|  81|0x0000000085100000, 0x0000000085200000, 0x0000000085200000|100%| O|  |TAMS 0x0000000085200000, 0x0000000085100000| Untracked 
|  82|0x0000000085200000, 0x0000000085300000, 0x0000000085300000|100%| O|  |TAMS 0x0000000085300000, 0x0000000085200000| Untracked 
|  83|0x0000000085300000, 0x0000000085400000, 0x0000000085400000|100%| O|  |TAMS 0x0000000085400000, 0x0000000085300000| Untracked 
|  84|0x0000000085400000, 0x0000000085500000, 0x0000000085500000|100%| O|  |TAMS 0x0000000085500000, 0x0000000085400000| Untracked 
|  85|0x0000000085500000, 0x0000000085600000, 0x0000000085600000|100%| O|  |TAMS 0x0000000085600000, 0x0000000085500000| Untracked 
|  86|0x0000000085600000, 0x0000000085700000, 0x0000000085700000|100%|HS|  |TAMS 0x0000000085700000, 0x0000000085600000| Complete 
|  87|0x0000000085700000, 0x0000000085700000, 0x0000000085800000|  0%| F|  |TAMS 0x0000000085700000, 0x0000000085700000| Untracked 
|  88|0x0000000085800000, 0x0000000085900000, 0x0000000085900000|100%| O|  |TAMS 0x0000000085900000, 0x0000000085800000| Untracked 
|  89|0x0000000085900000, 0x0000000085a00000, 0x0000000085a00000|100%| O|  |TAMS 0x0000000085a00000, 0x0000000085900000| Untracked 
|  90|0x0000000085a00000, 0x0000000085b00000, 0x0000000085b00000|100%| O|  |TAMS 0x0000000085b00000, 0x0000000085a00000| Untracked 
|  91|0x0000000085b00000, 0x0000000085c00000, 0x0000000085c00000|100%| O|  |TAMS 0x0000000085c00000, 0x0000000085b00000| Untracked 
|  92|0x0000000085c00000, 0x0000000085d00000, 0x0000000085d00000|100%| O|  |TAMS 0x0000000085d00000, 0x0000000085c00000| Untracked 
|  93|0x0000000085d00000, 0x0000000085e00000, 0x0000000085e00000|100%| O|  |TAMS 0x0000000085e00000, 0x0000000085d00000| Untracked 
|  94|0x0000000085e00000, 0x0000000085f00000, 0x0000000085f00000|100%| O|  |TAMS 0x0000000085f00000, 0x0000000085e00000| Untracked 
|  95|0x0000000085f00000, 0x0000000086000000, 0x0000000086000000|100%| O|  |TAMS 0x0000000086000000, 0x0000000085f00000| Untracked 
|  96|0x0000000086000000, 0x0000000086100000, 0x0000000086100000|100%| O|  |TAMS 0x0000000086100000, 0x0000000086000000| Untracked 
|  97|0x0000000086100000, 0x0000000086200000, 0x0000000086200000|100%| O|  |TAMS 0x0000000086200000, 0x0000000086100000| Untracked 
|  98|0x0000000086200000, 0x0000000086300000, 0x0000000086300000|100%| O|  |TAMS 0x0000000086300000, 0x0000000086200000| Untracked 
|  99|0x0000000086300000, 0x0000000086400000, 0x0000000086400000|100%| O|  |TAMS 0x0000000086400000, 0x0000000086300000| Untracked 
| 100|0x0000000086400000, 0x0000000086500000, 0x0000000086500000|100%| O|  |TAMS 0x0000000086500000, 0x0000000086400000| Untracked 
| 101|0x0000000086500000, 0x0000000086600000, 0x0000000086600000|100%| O|  |TAMS 0x0000000086600000, 0x0000000086500000| Untracked 
| 102|0x0000000086600000, 0x0000000086700000, 0x0000000086700000|100%| O|  |TAMS 0x0000000086700000, 0x0000000086600000| Untracked 
| 103|0x0000000086700000, 0x0000000086800000, 0x0000000086800000|100%| O|  |TAMS 0x0000000086800000, 0x0000000086700000| Untracked 
| 104|0x0000000086800000, 0x0000000086900000, 0x0000000086900000|100%| O|  |TAMS 0x0000000086900000, 0x0000000086800000| Untracked 
| 105|0x0000000086900000, 0x0000000086a00000, 0x0000000086a00000|100%| O|  |TAMS 0x0000000086a00000, 0x0000000086900000| Untracked 
| 106|0x0000000086a00000, 0x0000000086b00000, 0x0000000086b00000|100%| O|  |TAMS 0x0000000086b00000, 0x0000000086a00000| Untracked 
| 107|0x0000000086b00000, 0x0000000086c00000, 0x0000000086c00000|100%| O|  |TAMS 0x0000000086c00000, 0x0000000086b00000| Untracked 
| 108|0x0000000086c00000, 0x0000000086d00000, 0x0000000086d00000|100%| O|  |TAMS 0x0000000086d00000, 0x0000000086c00000| Untracked 
| 109|0x0000000086d00000, 0x0000000086e00000, 0x0000000086e00000|100%| O|  |TAMS 0x0000000086e00000, 0x0000000086d00000| Untracked 
| 110|0x0000000086e00000, 0x0000000086f00000, 0x0000000086f00000|100%| O|  |TAMS 0x0000000086f00000, 0x0000000086e00000| Untracked 
| 111|0x0000000086f00000, 0x0000000087000000, 0x0000000087000000|100%| O|  |TAMS 0x0000000087000000, 0x0000000086f00000| Untracked 
| 112|0x0000000087000000, 0x0000000087100000, 0x0000000087100000|100%| O|  |TAMS 0x0000000087100000, 0x0000000087000000| Untracked 
| 113|0x0000000087100000, 0x0000000087200000, 0x0000000087200000|100%| O|  |TAMS 0x0000000087200000, 0x0000000087100000| Untracked 
| 114|0x0000000087200000, 0x0000000087300000, 0x0000000087300000|100%| O|  |TAMS 0x0000000087300000, 0x0000000087200000| Untracked 
| 115|0x0000000087300000, 0x0000000087300000, 0x0000000087400000|  0%| F|  |TAMS 0x0000000087300000, 0x0000000087300000| Untracked 
| 116|0x0000000087400000, 0x0000000087500000, 0x0000000087500000|100%|HS|  |TAMS 0x0000000087500000, 0x0000000087400000| Complete 
| 117|0x0000000087500000, 0x0000000087500000, 0x0000000087600000|  0%| F|  |TAMS 0x0000000087500000, 0x0000000087500000| Untracked 
| 118|0x0000000087600000, 0x0000000087700000, 0x0000000087700000|100%| O|  |TAMS 0x0000000087700000, 0x0000000087600000| Untracked 
| 119|0x0000000087700000, 0x0000000087800000, 0x0000000087800000|100%| O|  |TAMS 0x0000000087800000, 0x0000000087700000| Untracked 
| 120|0x0000000087800000, 0x0000000087900000, 0x0000000087900000|100%| O|  |TAMS 0x0000000087900000, 0x0000000087800000| Untracked 
| 121|0x0000000087900000, 0x0000000087a00000, 0x0000000087a00000|100%| O|  |TAMS 0x0000000087a00000, 0x0000000087900000| Untracked 
| 122|0x0000000087a00000, 0x0000000087b00000, 0x0000000087b00000|100%| O|  |TAMS 0x0000000087b00000, 0x0000000087a00000| Untracked 
| 123|0x0000000087b00000, 0x0000000087c00000, 0x0000000087c00000|100%| O|  |TAMS 0x0000000087c00000, 0x0000000087b00000| Untracked 
| 124|0x0000000087c00000, 0x0000000087d00000, 0x0000000087d00000|100%| O|  |TAMS 0x0000000087d00000, 0x0000000087c00000| Untracked 
| 125|0x0000000087d00000, 0x0000000087e00000, 0x0000000087e00000|100%|HS|  |TAMS 0x0000000087e00000, 0x0000000087d00000| Complete 
| 126|0x0000000087e00000, 0x0000000087f00000, 0x0000000087f00000|100%|HC|  |TAMS 0x0000000087f00000, 0x0000000087e00000| Complete 
| 127|0x0000000087f00000, 0x0000000088000000, 0x0000000088000000|100%|HS|  |TAMS 0x0000000088000000, 0x0000000087f00000| Complete 
| 128|0x0000000088000000, 0x0000000088100000, 0x0000000088100000|100%|HC|  |TAMS 0x0000000088100000, 0x0000000088000000| Complete 
| 129|0x0000000088100000, 0x0000000088200000, 0x0000000088200000|100%|HC|  |TAMS 0x0000000088200000, 0x0000000088100000| Complete 
| 130|0x0000000088200000, 0x0000000088300000, 0x0000000088300000|100%|HC|  |TAMS 0x0000000088300000, 0x0000000088200000| Complete 
| 131|0x0000000088300000, 0x0000000088400000, 0x0000000088400000|100%| O|  |TAMS 0x0000000088400000, 0x0000000088300000| Untracked 
| 132|0x0000000088400000, 0x0000000088500000, 0x0000000088500000|100%|HS|  |TAMS 0x0000000088500000, 0x0000000088400000| Complete 
| 133|0x0000000088500000, 0x0000000088600000, 0x0000000088600000|100%|HS|  |TAMS 0x0000000088600000, 0x0000000088500000| Complete 
| 134|0x0000000088600000, 0x0000000088700000, 0x0000000088700000|100%|HS|  |TAMS 0x0000000088700000, 0x0000000088600000| Complete 
| 135|0x0000000088700000, 0x0000000088800000, 0x0000000088800000|100%|HS|  |TAMS 0x0000000088800000, 0x0000000088700000| Complete 
| 136|0x0000000088800000, 0x0000000088900000, 0x0000000088900000|100%| O|  |TAMS 0x0000000088900000, 0x0000000088800000| Untracked 
| 137|0x0000000088900000, 0x0000000088a00000, 0x0000000088a00000|100%| O|  |TAMS 0x0000000088a00000, 0x0000000088900000| Untracked 
| 138|0x0000000088a00000, 0x0000000088b00000, 0x0000000088b00000|100%| O|  |TAMS 0x0000000088b00000, 0x0000000088a00000| Untracked 
| 139|0x0000000088b00000, 0x0000000088c00000, 0x0000000088c00000|100%| O|  |TAMS 0x0000000088c00000, 0x0000000088b00000| Untracked 
| 140|0x0000000088c00000, 0x0000000088d00000, 0x0000000088d00000|100%| O|  |TAMS 0x0000000088d00000, 0x0000000088c00000| Untracked 
| 141|0x0000000088d00000, 0x0000000088e00000, 0x0000000088e00000|100%|HS|  |TAMS 0x0000000088e00000, 0x0000000088d00000| Complete 
| 142|0x0000000088e00000, 0x0000000088f00000, 0x0000000088f00000|100%| O|  |TAMS 0x0000000088f00000, 0x0000000088e00000| Untracked 
| 143|0x0000000088f00000, 0x0000000089000000, 0x0000000089000000|100%| O|  |TAMS 0x0000000089000000, 0x0000000088f00000| Untracked 
| 144|0x0000000089000000, 0x0000000089100000, 0x0000000089100000|100%| O|  |TAMS 0x0000000089100000, 0x0000000089000000| Untracked 
| 145|0x0000000089100000, 0x0000000089200000, 0x0000000089200000|100%| O|  |TAMS 0x0000000089200000, 0x0000000089100000| Untracked 
| 146|0x0000000089200000, 0x0000000089300000, 0x0000000089300000|100%| O|  |TAMS 0x0000000089300000, 0x0000000089200000| Untracked 
| 147|0x0000000089300000, 0x0000000089400000, 0x0000000089400000|100%| O|  |TAMS 0x0000000089400000, 0x0000000089300000| Untracked 
| 148|0x0000000089400000, 0x0000000089500000, 0x0000000089500000|100%| O|  |TAMS 0x0000000089500000, 0x0000000089400000| Untracked 
| 149|0x0000000089500000, 0x0000000089600000, 0x0000000089600000|100%| O|  |TAMS 0x0000000089600000, 0x0000000089500000| Untracked 
| 150|0x0000000089600000, 0x0000000089700000, 0x0000000089700000|100%| O|  |TAMS 0x0000000089700000, 0x0000000089600000| Untracked 
| 151|0x0000000089700000, 0x0000000089800000, 0x0000000089800000|100%| O|  |TAMS 0x0000000089800000, 0x0000000089700000| Untracked 
| 152|0x0000000089800000, 0x0000000089900000, 0x0000000089900000|100%| O|  |TAMS 0x0000000089900000, 0x0000000089800000| Untracked 
| 153|0x0000000089900000, 0x0000000089a00000, 0x0000000089a00000|100%| O|  |TAMS 0x0000000089a00000, 0x0000000089900000| Untracked 
| 154|0x0000000089a00000, 0x0000000089b00000, 0x0000000089b00000|100%| O|  |TAMS 0x0000000089b00000, 0x0000000089a00000| Untracked 
| 155|0x0000000089b00000, 0x0000000089c00000, 0x0000000089c00000|100%| O|  |TAMS 0x0000000089c00000, 0x0000000089b00000| Untracked 
| 156|0x0000000089c00000, 0x0000000089d00000, 0x0000000089d00000|100%| O|  |TAMS 0x0000000089d00000, 0x0000000089c00000| Untracked 
| 157|0x0000000089d00000, 0x0000000089e00000, 0x0000000089e00000|100%| O|  |TAMS 0x0000000089e00000, 0x0000000089d00000| Untracked 
| 158|0x0000000089e00000, 0x0000000089f00000, 0x0000000089f00000|100%| O|  |TAMS 0x0000000089f00000, 0x0000000089e00000| Untracked 
| 159|0x0000000089f00000, 0x000000008a000000, 0x000000008a000000|100%| O|  |TAMS 0x000000008a000000, 0x0000000089f00000| Untracked 
| 160|0x000000008a000000, 0x000000008a100000, 0x000000008a100000|100%| O|  |TAMS 0x000000008a100000, 0x000000008a000000| Untracked 
| 161|0x000000008a100000, 0x000000008a200000, 0x000000008a200000|100%| O|  |TAMS 0x000000008a200000, 0x000000008a100000| Untracked 
| 162|0x000000008a200000, 0x000000008a300000, 0x000000008a300000|100%| O|  |TAMS 0x000000008a300000, 0x000000008a200000| Untracked 
| 163|0x000000008a300000, 0x000000008a400000, 0x000000008a400000|100%| O|  |TAMS 0x000000008a400000, 0x000000008a300000| Untracked 
| 164|0x000000008a400000, 0x000000008a500000, 0x000000008a500000|100%| O|  |TAMS 0x000000008a500000, 0x000000008a400000| Untracked 
| 165|0x000000008a500000, 0x000000008a600000, 0x000000008a600000|100%| O|  |TAMS 0x000000008a600000, 0x000000008a500000| Untracked 
| 166|0x000000008a600000, 0x000000008a700000, 0x000000008a700000|100%| O|  |TAMS 0x000000008a700000, 0x000000008a600000| Untracked 
| 167|0x000000008a700000, 0x000000008a700000, 0x000000008a800000|  0%| F|  |TAMS 0x000000008a700000, 0x000000008a700000| Untracked 
| 168|0x000000008a800000, 0x000000008a900000, 0x000000008a900000|100%| O|  |TAMS 0x000000008a900000, 0x000000008a800000| Untracked 
| 169|0x000000008a900000, 0x000000008aa00000, 0x000000008aa00000|100%| O|  |TAMS 0x000000008aa00000, 0x000000008a900000| Untracked 
| 170|0x000000008aa00000, 0x000000008ab00000, 0x000000008ab00000|100%| O|  |TAMS 0x000000008ab00000, 0x000000008aa00000| Untracked 
| 171|0x000000008ab00000, 0x000000008ac00000, 0x000000008ac00000|100%| O|  |TAMS 0x000000008ac00000, 0x000000008ab00000| Untracked 
| 172|0x000000008ac00000, 0x000000008ad00000, 0x000000008ad00000|100%| O|  |TAMS 0x000000008ad00000, 0x000000008ac00000| Untracked 
| 173|0x000000008ad00000, 0x000000008ae00000, 0x000000008ae00000|100%| O|  |TAMS 0x000000008ae00000, 0x000000008ad00000| Untracked 
| 174|0x000000008ae00000, 0x000000008af00000, 0x000000008af00000|100%| O|  |TAMS 0x000000008af00000, 0x000000008ae00000| Untracked 
| 175|0x000000008af00000, 0x000000008b000000, 0x000000008b000000|100%| O|  |TAMS 0x000000008b000000, 0x000000008af00000| Untracked 
| 176|0x000000008b000000, 0x000000008b100000, 0x000000008b100000|100%| O|  |TAMS 0x000000008b100000, 0x000000008b000000| Untracked 
| 177|0x000000008b100000, 0x000000008b200000, 0x000000008b200000|100%| O|  |TAMS 0x000000008b200000, 0x000000008b100000| Untracked 
| 178|0x000000008b200000, 0x000000008b300000, 0x000000008b300000|100%| O|  |TAMS 0x000000008b300000, 0x000000008b200000| Untracked 
| 179|0x000000008b300000, 0x000000008b400000, 0x000000008b400000|100%| O|  |TAMS 0x000000008b400000, 0x000000008b300000| Untracked 
| 180|0x000000008b400000, 0x000000008b500000, 0x000000008b500000|100%| O|  |TAMS 0x000000008b500000, 0x000000008b400000| Untracked 
| 181|0x000000008b500000, 0x000000008b600000, 0x000000008b600000|100%| O|  |TAMS 0x000000008b600000, 0x000000008b500000| Untracked 
| 182|0x000000008b600000, 0x000000008b700000, 0x000000008b700000|100%| O|  |TAMS 0x000000008b700000, 0x000000008b600000| Untracked 
| 183|0x000000008b700000, 0x000000008b800000, 0x000000008b800000|100%| O|  |TAMS 0x000000008b800000, 0x000000008b700000| Untracked 
| 184|0x000000008b800000, 0x000000008b900000, 0x000000008b900000|100%| O|  |TAMS 0x000000008b900000, 0x000000008b800000| Untracked 
| 185|0x000000008b900000, 0x000000008ba00000, 0x000000008ba00000|100%| O|  |TAMS 0x000000008ba00000, 0x000000008b900000| Untracked 
| 186|0x000000008ba00000, 0x000000008bb00000, 0x000000008bb00000|100%| O|  |TAMS 0x000000008bb00000, 0x000000008ba00000| Untracked 
| 187|0x000000008bb00000, 0x000000008bc00000, 0x000000008bc00000|100%| O|  |TAMS 0x000000008bc00000, 0x000000008bb00000| Untracked 
| 188|0x000000008bc00000, 0x000000008bd00000, 0x000000008bd00000|100%| O|  |TAMS 0x000000008bd00000, 0x000000008bc00000| Untracked 
| 189|0x000000008bd00000, 0x000000008be00000, 0x000000008be00000|100%| O|  |TAMS 0x000000008be00000, 0x000000008bd00000| Untracked 
| 190|0x000000008be00000, 0x000000008bf00000, 0x000000008bf00000|100%| O|  |TAMS 0x000000008bf00000, 0x000000008be00000| Untracked 
| 191|0x000000008bf00000, 0x000000008c000000, 0x000000008c000000|100%| O|  |TAMS 0x000000008c000000, 0x000000008bf00000| Untracked 
| 192|0x000000008c000000, 0x000000008c100000, 0x000000008c100000|100%| O|  |TAMS 0x000000008c100000, 0x000000008c000000| Untracked 
| 193|0x000000008c100000, 0x000000008c200000, 0x000000008c200000|100%| O|  |TAMS 0x000000008c200000, 0x000000008c100000| Untracked 
| 194|0x000000008c200000, 0x000000008c300000, 0x000000008c300000|100%| O|  |TAMS 0x000000008c300000, 0x000000008c200000| Untracked 
| 195|0x000000008c300000, 0x000000008c400000, 0x000000008c400000|100%| O|  |TAMS 0x000000008c400000, 0x000000008c300000| Untracked 
| 196|0x000000008c400000, 0x000000008c500000, 0x000000008c500000|100%| O|  |TAMS 0x000000008c500000, 0x000000008c400000| Untracked 
| 197|0x000000008c500000, 0x000000008c600000, 0x000000008c600000|100%| O|  |TAMS 0x000000008c600000, 0x000000008c500000| Untracked 
| 198|0x000000008c600000, 0x000000008c700000, 0x000000008c700000|100%| O|  |TAMS 0x000000008c700000, 0x000000008c600000| Untracked 
| 199|0x000000008c700000, 0x000000008c800000, 0x000000008c800000|100%| O|  |TAMS 0x000000008c800000, 0x000000008c700000| Untracked 
| 200|0x000000008c800000, 0x000000008c900000, 0x000000008c900000|100%| O|  |TAMS 0x000000008c900000, 0x000000008c800000| Untracked 
| 201|0x000000008c900000, 0x000000008ca00000, 0x000000008ca00000|100%|HS|  |TAMS 0x000000008ca00000, 0x000000008c900000| Complete 
| 202|0x000000008ca00000, 0x000000008cb00000, 0x000000008cb00000|100%|HS|  |TAMS 0x000000008cb00000, 0x000000008ca00000| Complete 
| 203|0x000000008cb00000, 0x000000008cc00000, 0x000000008cc00000|100%|HS|  |TAMS 0x000000008cc00000, 0x000000008cb00000| Complete 
| 204|0x000000008cc00000, 0x000000008cd00000, 0x000000008cd00000|100%|HC|  |TAMS 0x000000008cd00000, 0x000000008cc00000| Complete 
| 205|0x000000008cd00000, 0x000000008ce00000, 0x000000008ce00000|100%|HS|  |TAMS 0x000000008ce00000, 0x000000008cd00000| Complete 
| 206|0x000000008ce00000, 0x000000008cf00000, 0x000000008cf00000|100%|HC|  |TAMS 0x000000008cf00000, 0x000000008ce00000| Complete 
| 207|0x000000008cf00000, 0x000000008d000000, 0x000000008d000000|100%|HS|  |TAMS 0x000000008d000000, 0x000000008cf00000| Complete 
| 208|0x000000008d000000, 0x000000008d100000, 0x000000008d100000|100%|HC|  |TAMS 0x000000008d100000, 0x000000008d000000| Complete 
| 209|0x000000008d100000, 0x000000008d200000, 0x000000008d200000|100%| O|  |TAMS 0x000000008d200000, 0x000000008d100000| Untracked 
| 210|0x000000008d200000, 0x000000008d300000, 0x000000008d300000|100%| O|  |TAMS 0x000000008d300000, 0x000000008d200000| Untracked 
| 211|0x000000008d300000, 0x000000008d400000, 0x000000008d400000|100%| O|  |TAMS 0x000000008d400000, 0x000000008d300000| Untracked 
| 212|0x000000008d400000, 0x000000008d500000, 0x000000008d500000|100%| O|  |TAMS 0x000000008d500000, 0x000000008d400000| Untracked 
| 213|0x000000008d500000, 0x000000008d600000, 0x000000008d600000|100%| O|  |TAMS 0x000000008d600000, 0x000000008d500000| Untracked 
| 214|0x000000008d600000, 0x000000008d700000, 0x000000008d700000|100%| O|  |TAMS 0x000000008d700000, 0x000000008d600000| Untracked 
| 215|0x000000008d700000, 0x000000008d800000, 0x000000008d800000|100%| O|  |TAMS 0x000000008d800000, 0x000000008d700000| Untracked 
| 216|0x000000008d800000, 0x000000008d900000, 0x000000008d900000|100%| O|  |TAMS 0x000000008d900000, 0x000000008d800000| Untracked 
| 217|0x000000008d900000, 0x000000008da00000, 0x000000008da00000|100%| O|  |TAMS 0x000000008da00000, 0x000000008d900000| Untracked 
| 218|0x000000008da00000, 0x000000008db00000, 0x000000008db00000|100%| O|  |TAMS 0x000000008db00000, 0x000000008da00000| Untracked 
| 219|0x000000008db00000, 0x000000008dc00000, 0x000000008dc00000|100%| O|  |TAMS 0x000000008dc00000, 0x000000008db00000| Untracked 
| 220|0x000000008dc00000, 0x000000008dd00000, 0x000000008dd00000|100%| O|  |TAMS 0x000000008dd00000, 0x000000008dc00000| Untracked 
| 221|0x000000008dd00000, 0x000000008de00000, 0x000000008de00000|100%| O|  |TAMS 0x000000008de00000, 0x000000008dd00000| Untracked 
| 222|0x000000008de00000, 0x000000008df00000, 0x000000008df00000|100%| O|  |TAMS 0x000000008df00000, 0x000000008de00000| Untracked 
| 223|0x000000008df00000, 0x000000008e000000, 0x000000008e000000|100%| O|  |TAMS 0x000000008e000000, 0x000000008df00000| Untracked 
| 224|0x000000008e000000, 0x000000008e100000, 0x000000008e100000|100%| O|  |TAMS 0x000000008e100000, 0x000000008e000000| Untracked 
| 225|0x000000008e100000, 0x000000008e200000, 0x000000008e200000|100%| O|  |TAMS 0x000000008e200000, 0x000000008e100000| Untracked 
| 226|0x000000008e200000, 0x000000008e300000, 0x000000008e300000|100%| O|  |TAMS 0x000000008e300000, 0x000000008e200000| Untracked 
| 227|0x000000008e300000, 0x000000008e400000, 0x000000008e400000|100%| O|  |TAMS 0x000000008e400000, 0x000000008e300000| Untracked 
| 228|0x000000008e400000, 0x000000008e500000, 0x000000008e500000|100%| O|  |TAMS 0x000000008e500000, 0x000000008e400000| Untracked 
| 229|0x000000008e500000, 0x000000008e600000, 0x000000008e600000|100%| O|  |TAMS 0x000000008e600000, 0x000000008e500000| Untracked 
| 230|0x000000008e600000, 0x000000008e700000, 0x000000008e700000|100%| O|  |TAMS 0x000000008e700000, 0x000000008e600000| Untracked 
| 231|0x000000008e700000, 0x000000008e800000, 0x000000008e800000|100%| O|  |TAMS 0x000000008e800000, 0x000000008e700000| Untracked 
| 232|0x000000008e800000, 0x000000008e900000, 0x000000008e900000|100%| O|  |TAMS 0x000000008e900000, 0x000000008e800000| Untracked 
| 233|0x000000008e900000, 0x000000008ea00000, 0x000000008ea00000|100%| O|  |TAMS 0x000000008ea00000, 0x000000008e900000| Untracked 
| 234|0x000000008ea00000, 0x000000008eb00000, 0x000000008eb00000|100%| O|  |TAMS 0x000000008eb00000, 0x000000008ea00000| Untracked 
| 235|0x000000008eb00000, 0x000000008ec00000, 0x000000008ec00000|100%| O|  |TAMS 0x000000008ec00000, 0x000000008eb00000| Untracked 
| 236|0x000000008ec00000, 0x000000008ed00000, 0x000000008ed00000|100%| O|  |TAMS 0x000000008ed00000, 0x000000008ec00000| Untracked 
| 237|0x000000008ed00000, 0x000000008ee00000, 0x000000008ee00000|100%| O|  |TAMS 0x000000008ee00000, 0x000000008ed00000| Untracked 
| 238|0x000000008ee00000, 0x000000008ef00000, 0x000000008ef00000|100%| O|  |TAMS 0x000000008ef00000, 0x000000008ee00000| Untracked 
| 239|0x000000008ef00000, 0x000000008f000000, 0x000000008f000000|100%| O|  |TAMS 0x000000008f000000, 0x000000008ef00000| Untracked 
| 240|0x000000008f000000, 0x000000008f100000, 0x000000008f100000|100%| O|  |TAMS 0x000000008f100000, 0x000000008f000000| Untracked 
| 241|0x000000008f100000, 0x000000008f200000, 0x000000008f200000|100%| O|  |TAMS 0x000000008f200000, 0x000000008f100000| Untracked 
| 242|0x000000008f200000, 0x000000008f300000, 0x000000008f300000|100%| O|  |TAMS 0x000000008f300000, 0x000000008f200000| Untracked 
| 243|0x000000008f300000, 0x000000008f400000, 0x000000008f400000|100%| O|  |TAMS 0x000000008f400000, 0x000000008f300000| Untracked 
| 244|0x000000008f400000, 0x000000008f500000, 0x000000008f500000|100%| O|  |TAMS 0x000000008f500000, 0x000000008f400000| Untracked 
| 245|0x000000008f500000, 0x000000008f600000, 0x000000008f600000|100%| O|  |TAMS 0x000000008f600000, 0x000000008f500000| Untracked 
| 246|0x000000008f600000, 0x000000008f700000, 0x000000008f700000|100%| O|  |TAMS 0x000000008f700000, 0x000000008f600000| Untracked 
| 247|0x000000008f700000, 0x000000008f800000, 0x000000008f800000|100%| O|  |TAMS 0x000000008f800000, 0x000000008f700000| Untracked 
| 248|0x000000008f800000, 0x000000008f900000, 0x000000008f900000|100%| O|  |TAMS 0x000000008f900000, 0x000000008f800000| Untracked 
| 249|0x000000008f900000, 0x000000008fa00000, 0x000000008fa00000|100%| O|  |TAMS 0x000000008fa00000, 0x000000008f900000| Untracked 
| 250|0x000000008fa00000, 0x000000008fb00000, 0x000000008fb00000|100%| O|  |TAMS 0x000000008fb00000, 0x000000008fa00000| Untracked 
| 251|0x000000008fb00000, 0x000000008fc00000, 0x000000008fc00000|100%| O|  |TAMS 0x000000008fc00000, 0x000000008fb00000| Untracked 
| 252|0x000000008fc00000, 0x000000008fd00000, 0x000000008fd00000|100%| O|  |TAMS 0x000000008fd00000, 0x000000008fc00000| Untracked 
| 253|0x000000008fd00000, 0x000000008fe00000, 0x000000008fe00000|100%| O|  |TAMS 0x000000008fe00000, 0x000000008fd00000| Untracked 
| 254|0x000000008fe00000, 0x000000008ff00000, 0x000000008ff00000|100%| O|  |TAMS 0x000000008ff00000, 0x000000008fe00000| Untracked 
| 255|0x000000008ff00000, 0x0000000090000000, 0x0000000090000000|100%| O|  |TAMS 0x0000000090000000, 0x000000008ff00000| Untracked 
| 256|0x0000000090000000, 0x0000000090100000, 0x0000000090100000|100%| O|  |TAMS 0x0000000090100000, 0x0000000090000000| Untracked 
| 257|0x0000000090100000, 0x0000000090200000, 0x0000000090200000|100%| O|  |TAMS 0x0000000090200000, 0x0000000090100000| Untracked 
| 258|0x0000000090200000, 0x0000000090300000, 0x0000000090300000|100%| O|  |TAMS 0x0000000090300000, 0x0000000090200000| Untracked 
| 259|0x0000000090300000, 0x0000000090300000, 0x0000000090400000|  0%| F|  |TAMS 0x0000000090300000, 0x0000000090300000| Untracked 
| 260|0x0000000090400000, 0x0000000090500000, 0x0000000090500000|100%| O|  |TAMS 0x0000000090500000, 0x0000000090400000| Untracked 
| 261|0x0000000090500000, 0x0000000090600000, 0x0000000090600000|100%| O|  |TAMS 0x0000000090600000, 0x0000000090500000| Untracked 
| 262|0x0000000090600000, 0x0000000090700000, 0x0000000090700000|100%| O|  |TAMS 0x0000000090700000, 0x0000000090600000| Untracked 
| 263|0x0000000090700000, 0x0000000090800000, 0x0000000090800000|100%| O|  |TAMS 0x0000000090800000, 0x0000000090700000| Untracked 
| 264|0x0000000090800000, 0x0000000090900000, 0x0000000090900000|100%| O|  |TAMS 0x0000000090900000, 0x0000000090800000| Untracked 
| 265|0x0000000090900000, 0x0000000090a00000, 0x0000000090a00000|100%| O|  |TAMS 0x0000000090a00000, 0x0000000090900000| Untracked 
| 266|0x0000000090a00000, 0x0000000090b00000, 0x0000000090b00000|100%| O|  |TAMS 0x0000000090b00000, 0x0000000090a00000| Untracked 
| 267|0x0000000090b00000, 0x0000000090c00000, 0x0000000090c00000|100%| O|  |TAMS 0x0000000090c00000, 0x0000000090b00000| Untracked 
| 268|0x0000000090c00000, 0x0000000090d00000, 0x0000000090d00000|100%| O|  |TAMS 0x0000000090d00000, 0x0000000090c00000| Untracked 
| 269|0x0000000090d00000, 0x0000000090e00000, 0x0000000090e00000|100%| O|  |TAMS 0x0000000090e00000, 0x0000000090d00000| Untracked 
| 270|0x0000000090e00000, 0x0000000090f00000, 0x0000000090f00000|100%| O|  |TAMS 0x0000000090f00000, 0x0000000090e00000| Untracked 
| 271|0x0000000090f00000, 0x0000000091000000, 0x0000000091000000|100%| O|  |TAMS 0x0000000091000000, 0x0000000090f00000| Untracked 
| 272|0x0000000091000000, 0x0000000091100000, 0x0000000091100000|100%| O|  |TAMS 0x0000000091100000, 0x0000000091000000| Untracked 
| 273|0x0000000091100000, 0x0000000091200000, 0x0000000091200000|100%| O|  |TAMS 0x0000000091200000, 0x0000000091100000| Untracked 
| 274|0x0000000091200000, 0x0000000091200000, 0x0000000091300000|  0%| F|  |TAMS 0x0000000091200000, 0x0000000091200000| Untracked 
| 275|0x0000000091300000, 0x0000000091400000, 0x0000000091400000|100%|HS|  |TAMS 0x0000000091400000, 0x0000000091300000| Complete 
| 276|0x0000000091400000, 0x0000000091500000, 0x0000000091500000|100%|HS|  |TAMS 0x0000000091500000, 0x0000000091400000| Complete 
| 277|0x0000000091500000, 0x0000000091600000, 0x0000000091600000|100%| O|  |TAMS 0x0000000091600000, 0x0000000091500000| Untracked 
| 278|0x0000000091600000, 0x0000000091700000, 0x0000000091700000|100%| O|  |TAMS 0x0000000091700000, 0x0000000091600000| Untracked 
| 279|0x0000000091700000, 0x0000000091800000, 0x0000000091800000|100%| O|  |TAMS 0x0000000091800000, 0x0000000091700000| Untracked 
| 280|0x0000000091800000, 0x0000000091900000, 0x0000000091900000|100%| O|  |TAMS 0x0000000091900000, 0x0000000091800000| Untracked 
| 281|0x0000000091900000, 0x0000000091a00000, 0x0000000091a00000|100%| O|  |TAMS 0x0000000091a00000, 0x0000000091900000| Untracked 
| 282|0x0000000091a00000, 0x0000000091b00000, 0x0000000091b00000|100%| O|  |TAMS 0x0000000091b00000, 0x0000000091a00000| Untracked 
| 283|0x0000000091b00000, 0x0000000091c00000, 0x0000000091c00000|100%| O|  |TAMS 0x0000000091c00000, 0x0000000091b00000| Untracked 
| 284|0x0000000091c00000, 0x0000000091d00000, 0x0000000091d00000|100%| O|  |TAMS 0x0000000091d00000, 0x0000000091c00000| Untracked 
| 285|0x0000000091d00000, 0x0000000091e00000, 0x0000000091e00000|100%| O|  |TAMS 0x0000000091e00000, 0x0000000091d00000| Untracked 
| 286|0x0000000091e00000, 0x0000000091e00000, 0x0000000091f00000|  0%| F|  |TAMS 0x0000000091e00000, 0x0000000091e00000| Untracked 
| 287|0x0000000091f00000, 0x0000000092000000, 0x0000000092000000|100%| O|  |TAMS 0x0000000092000000, 0x0000000091f00000| Untracked 
| 288|0x0000000092000000, 0x0000000092100000, 0x0000000092100000|100%| O|  |TAMS 0x0000000092100000, 0x0000000092000000| Untracked 
| 289|0x0000000092100000, 0x0000000092200000, 0x0000000092200000|100%| O|  |TAMS 0x0000000092200000, 0x0000000092100000| Untracked 
| 290|0x0000000092200000, 0x0000000092300000, 0x0000000092300000|100%| O|  |TAMS 0x0000000092300000, 0x0000000092200000| Untracked 
| 291|0x0000000092300000, 0x0000000092400000, 0x0000000092400000|100%| O|  |TAMS 0x0000000092400000, 0x0000000092300000| Untracked 
| 292|0x0000000092400000, 0x0000000092500000, 0x0000000092500000|100%| O|  |TAMS 0x0000000092500000, 0x0000000092400000| Untracked 
| 293|0x0000000092500000, 0x0000000092600000, 0x0000000092600000|100%| O|  |TAMS 0x0000000092600000, 0x0000000092500000| Untracked 
| 294|0x0000000092600000, 0x0000000092700000, 0x0000000092700000|100%| O|  |TAMS 0x0000000092700000, 0x0000000092600000| Untracked 
| 295|0x0000000092700000, 0x0000000092800000, 0x0000000092800000|100%| O|  |TAMS 0x0000000092800000, 0x0000000092700000| Untracked 
| 296|0x0000000092800000, 0x0000000092900000, 0x0000000092900000|100%| O|  |TAMS 0x0000000092900000, 0x0000000092800000| Untracked 
| 297|0x0000000092900000, 0x0000000092a00000, 0x0000000092a00000|100%| O|  |TAMS 0x0000000092a00000, 0x0000000092900000| Untracked 
| 298|0x0000000092a00000, 0x0000000092b00000, 0x0000000092b00000|100%| O|  |TAMS 0x0000000092b00000, 0x0000000092a00000| Untracked 
| 299|0x0000000092b00000, 0x0000000092c00000, 0x0000000092c00000|100%| O|  |TAMS 0x0000000092c00000, 0x0000000092b00000| Untracked 
| 300|0x0000000092c00000, 0x0000000092d00000, 0x0000000092d00000|100%| O|  |TAMS 0x0000000092cc2200, 0x0000000092c00000| Untracked 
| 301|0x0000000092d00000, 0x0000000092e00000, 0x0000000092e00000|100%| O|  |TAMS 0x0000000092d00000, 0x0000000092d00000| Untracked 
| 302|0x0000000092e00000, 0x0000000092f00000, 0x0000000092f00000|100%| O|  |TAMS 0x0000000092e00000, 0x0000000092e00000| Untracked 
| 303|0x0000000092f00000, 0x0000000093000000, 0x0000000093000000|100%| O|  |TAMS 0x0000000092f00000, 0x0000000092f00000| Untracked 
| 304|0x0000000093000000, 0x0000000093100000, 0x0000000093100000|100%| O|  |TAMS 0x0000000093000000, 0x0000000093000000| Untracked 
| 305|0x0000000093100000, 0x0000000093200000, 0x0000000093200000|100%| O|  |TAMS 0x0000000093100000, 0x0000000093100000| Untracked 
| 306|0x0000000093200000, 0x0000000093300000, 0x0000000093300000|100%| O|  |TAMS 0x0000000093200000, 0x0000000093200000| Untracked 
| 307|0x0000000093300000, 0x0000000093400000, 0x0000000093400000|100%| O|  |TAMS 0x0000000093300000, 0x0000000093300000| Untracked 
| 308|0x0000000093400000, 0x0000000093500000, 0x0000000093500000|100%| O|  |TAMS 0x0000000093400000, 0x0000000093400000| Untracked 
| 309|0x0000000093500000, 0x0000000093600000, 0x0000000093600000|100%| O|  |TAMS 0x0000000093500000, 0x0000000093500000| Untracked 
| 310|0x0000000093600000, 0x0000000093700000, 0x0000000093700000|100%| O|  |TAMS 0x0000000093600000, 0x0000000093600000| Untracked 
| 311|0x0000000093700000, 0x0000000093800000, 0x0000000093800000|100%| O|  |TAMS 0x0000000093700000, 0x0000000093700000| Untracked 
| 312|0x0000000093800000, 0x0000000093900000, 0x0000000093900000|100%| O|  |TAMS 0x0000000093800000, 0x0000000093800000| Untracked 
| 313|0x0000000093900000, 0x0000000093a00000, 0x0000000093a00000|100%| O|  |TAMS 0x0000000093900000, 0x0000000093900000| Untracked 
| 314|0x0000000093a00000, 0x0000000093b00000, 0x0000000093b00000|100%| O|  |TAMS 0x0000000093a00000, 0x0000000093a00000| Untracked 
| 315|0x0000000093b00000, 0x0000000093c00000, 0x0000000093c00000|100%| O|  |TAMS 0x0000000093b00000, 0x0000000093b00000| Untracked 
| 316|0x0000000093c00000, 0x0000000093d00000, 0x0000000093d00000|100%| O|  |TAMS 0x0000000093c00000, 0x0000000093c00000| Untracked 
| 317|0x0000000093d00000, 0x0000000093e00000, 0x0000000093e00000|100%| O|  |TAMS 0x0000000093d00000, 0x0000000093d00000| Untracked 
| 318|0x0000000093e00000, 0x0000000093f00000, 0x0000000093f00000|100%| O|  |TAMS 0x0000000093e00000, 0x0000000093e00000| Untracked 
| 319|0x0000000093f00000, 0x0000000094000000, 0x0000000094000000|100%| O|  |TAMS 0x0000000093f00000, 0x0000000093f00000| Untracked 
| 320|0x0000000094000000, 0x0000000094100000, 0x0000000094100000|100%| O|  |TAMS 0x0000000094000000, 0x0000000094000000| Untracked 
| 321|0x0000000094100000, 0x0000000094200000, 0x0000000094200000|100%| O|  |TAMS 0x0000000094100000, 0x0000000094100000| Untracked 
| 322|0x0000000094200000, 0x0000000094300000, 0x0000000094300000|100%| O|  |TAMS 0x0000000094200000, 0x0000000094200000| Untracked 
| 323|0x0000000094300000, 0x0000000094400000, 0x0000000094400000|100%| O|  |TAMS 0x0000000094300000, 0x0000000094300000| Untracked 
| 324|0x0000000094400000, 0x0000000094500000, 0x0000000094500000|100%| O|  |TAMS 0x0000000094400000, 0x0000000094400000| Untracked 
| 325|0x0000000094500000, 0x0000000094600000, 0x0000000094600000|100%| O|  |TAMS 0x0000000094500000, 0x0000000094500000| Untracked 
| 326|0x0000000094600000, 0x0000000094700000, 0x0000000094700000|100%| O|  |TAMS 0x0000000094600000, 0x0000000094600000| Untracked 
| 327|0x0000000094700000, 0x0000000094800000, 0x0000000094800000|100%| O|  |TAMS 0x0000000094700000, 0x0000000094700000| Untracked 
| 328|0x0000000094800000, 0x0000000094900000, 0x0000000094900000|100%| O|  |TAMS 0x0000000094800000, 0x0000000094800000| Untracked 
| 329|0x0000000094900000, 0x0000000094a00000, 0x0000000094a00000|100%| O|  |TAMS 0x0000000094900000, 0x0000000094900000| Untracked 
| 330|0x0000000094a00000, 0x0000000094b00000, 0x0000000094b00000|100%| O|  |TAMS 0x0000000094a00000, 0x0000000094a00000| Untracked 
| 331|0x0000000094b00000, 0x0000000094c00000, 0x0000000094c00000|100%| O|  |TAMS 0x0000000094b00000, 0x0000000094b00000| Untracked 
| 332|0x0000000094c00000, 0x0000000094d00000, 0x0000000094d00000|100%| O|  |TAMS 0x0000000094c00000, 0x0000000094c00000| Untracked 
| 333|0x0000000094d00000, 0x0000000094e00000, 0x0000000094e00000|100%| O|  |TAMS 0x0000000094d00000, 0x0000000094d00000| Untracked 
| 334|0x0000000094e00000, 0x0000000094f00000, 0x0000000094f00000|100%|HS|  |TAMS 0x0000000094e00000, 0x0000000094e00000| Complete 
| 335|0x0000000094f00000, 0x0000000094f00000, 0x0000000095000000|  0%| F|  |TAMS 0x0000000094f00000, 0x0000000094f00000| Untracked 
| 336|0x0000000095000000, 0x0000000095000000, 0x0000000095100000|  0%| F|  |TAMS 0x0000000095000000, 0x0000000095000000| Untracked 
| 337|0x0000000095100000, 0x0000000095200000, 0x0000000095200000|100%| O|  |TAMS 0x0000000095100000, 0x0000000095100000| Untracked 
| 338|0x0000000095200000, 0x0000000095300000, 0x0000000095300000|100%| O|  |TAMS 0x0000000095200000, 0x0000000095200000| Untracked 
| 339|0x0000000095300000, 0x0000000095400000, 0x0000000095400000|100%| O|  |TAMS 0x0000000095300000, 0x0000000095300000| Untracked 
| 340|0x0000000095400000, 0x0000000095500000, 0x0000000095500000|100%| O|  |TAMS 0x0000000095400000, 0x0000000095400000| Untracked 
| 341|0x0000000095500000, 0x0000000095600000, 0x0000000095600000|100%| O|  |TAMS 0x0000000095500000, 0x0000000095500000| Untracked 
| 342|0x0000000095600000, 0x0000000095700000, 0x0000000095700000|100%| O|  |TAMS 0x0000000095600000, 0x0000000095600000| Untracked 
| 343|0x0000000095700000, 0x0000000095800000, 0x0000000095800000|100%| O|  |TAMS 0x0000000095700000, 0x0000000095700000| Untracked 
| 344|0x0000000095800000, 0x0000000095900000, 0x0000000095900000|100%| O|  |TAMS 0x0000000095800000, 0x0000000095800000| Untracked 
| 345|0x0000000095900000, 0x0000000095a00000, 0x0000000095a00000|100%| O|  |TAMS 0x0000000095900000, 0x0000000095900000| Untracked 
| 346|0x0000000095a00000, 0x0000000095b00000, 0x0000000095b00000|100%| O|  |TAMS 0x0000000095a00000, 0x0000000095a00000| Untracked 
| 347|0x0000000095b00000, 0x0000000095c00000, 0x0000000095c00000|100%| O|  |TAMS 0x0000000095b00000, 0x0000000095b00000| Untracked 
| 348|0x0000000095c00000, 0x0000000095d00000, 0x0000000095d00000|100%| O|  |TAMS 0x0000000095c00000, 0x0000000095c00000| Untracked 
| 349|0x0000000095d00000, 0x0000000095e00000, 0x0000000095e00000|100%| O|  |TAMS 0x0000000095d00000, 0x0000000095d00000| Untracked 
| 350|0x0000000095e00000, 0x0000000095f00000, 0x0000000095f00000|100%| O|  |TAMS 0x0000000095e00000, 0x0000000095e00000| Untracked 
| 351|0x0000000095f00000, 0x0000000096000000, 0x0000000096000000|100%| O|  |TAMS 0x0000000095f00000, 0x0000000095f00000| Untracked 
| 352|0x0000000096000000, 0x0000000096100000, 0x0000000096100000|100%| O|  |TAMS 0x0000000096000000, 0x0000000096000000| Untracked 
| 353|0x0000000096100000, 0x0000000096100000, 0x0000000096200000|  0%| F|  |TAMS 0x0000000096100000, 0x0000000096100000| Untracked 
| 354|0x0000000096200000, 0x0000000096200000, 0x0000000096300000|  0%| F|  |TAMS 0x0000000096200000, 0x0000000096200000| Untracked 
| 355|0x0000000096300000, 0x0000000096300000, 0x0000000096400000|  0%| F|  |TAMS 0x0000000096300000, 0x0000000096300000| Untracked 
| 356|0x0000000096400000, 0x0000000096400000, 0x0000000096500000|  0%| F|  |TAMS 0x0000000096400000, 0x0000000096400000| Untracked 
| 357|0x0000000096500000, 0x0000000096500000, 0x0000000096600000|  0%| F|  |TAMS 0x0000000096500000, 0x0000000096500000| Untracked 
| 358|0x0000000096600000, 0x0000000096600000, 0x0000000096700000|  0%| F|  |TAMS 0x0000000096600000, 0x0000000096600000| Untracked 
| 359|0x0000000096700000, 0x0000000096700000, 0x0000000096800000|  0%| F|  |TAMS 0x0000000096700000, 0x0000000096700000| Untracked 
| 360|0x0000000096800000, 0x0000000096800000, 0x0000000096900000|  0%| F|  |TAMS 0x0000000096800000, 0x0000000096800000| Untracked 
| 361|0x0000000096900000, 0x0000000096900000, 0x0000000096a00000|  0%| F|  |TAMS 0x0000000096900000, 0x0000000096900000| Untracked 
| 362|0x0000000096a00000, 0x0000000096a00000, 0x0000000096b00000|  0%| F|  |TAMS 0x0000000096a00000, 0x0000000096a00000| Untracked 
| 363|0x0000000096b00000, 0x0000000096b00000, 0x0000000096c00000|  0%| F|  |TAMS 0x0000000096b00000, 0x0000000096b00000| Untracked 
| 364|0x0000000096c00000, 0x0000000096c00000, 0x0000000096d00000|  0%| F|  |TAMS 0x0000000096c00000, 0x0000000096c00000| Untracked 
| 365|0x0000000096d00000, 0x0000000096d00000, 0x0000000096e00000|  0%| F|  |TAMS 0x0000000096d00000, 0x0000000096d00000| Untracked 
| 366|0x0000000096e00000, 0x0000000096e00000, 0x0000000096f00000|  0%| F|  |TAMS 0x0000000096e00000, 0x0000000096e00000| Untracked 
| 367|0x0000000096f00000, 0x0000000096f00000, 0x0000000097000000|  0%| F|  |TAMS 0x0000000096f00000, 0x0000000096f00000| Untracked 
| 368|0x0000000097000000, 0x0000000097000000, 0x0000000097100000|  0%| F|  |TAMS 0x0000000097000000, 0x0000000097000000| Untracked 
| 369|0x0000000097100000, 0x0000000097100000, 0x0000000097200000|  0%| F|  |TAMS 0x0000000097100000, 0x0000000097100000| Untracked 
| 370|0x0000000097200000, 0x0000000097200000, 0x0000000097300000|  0%| F|  |TAMS 0x0000000097200000, 0x0000000097200000| Untracked 
| 371|0x0000000097300000, 0x0000000097300000, 0x0000000097400000|  0%| F|  |TAMS 0x0000000097300000, 0x0000000097300000| Untracked 
| 372|0x0000000097400000, 0x0000000097400000, 0x0000000097500000|  0%| F|  |TAMS 0x0000000097400000, 0x0000000097400000| Untracked 
| 373|0x0000000097500000, 0x0000000097500000, 0x0000000097600000|  0%| F|  |TAMS 0x0000000097500000, 0x0000000097500000| Untracked 
| 374|0x0000000097600000, 0x0000000097600000, 0x0000000097700000|  0%| F|  |TAMS 0x0000000097600000, 0x0000000097600000| Untracked 
| 375|0x0000000097700000, 0x0000000097700000, 0x0000000097800000|  0%| F|  |TAMS 0x0000000097700000, 0x0000000097700000| Untracked 
| 376|0x0000000097800000, 0x0000000097800000, 0x0000000097900000|  0%| F|  |TAMS 0x0000000097800000, 0x0000000097800000| Untracked 
| 377|0x0000000097900000, 0x0000000097900000, 0x0000000097a00000|  0%| F|  |TAMS 0x0000000097900000, 0x0000000097900000| Untracked 
| 378|0x0000000097a00000, 0x0000000097a00000, 0x0000000097b00000|  0%| F|  |TAMS 0x0000000097a00000, 0x0000000097a00000| Untracked 
| 379|0x0000000097b00000, 0x0000000097b00000, 0x0000000097c00000|  0%| F|  |TAMS 0x0000000097b00000, 0x0000000097b00000| Untracked 
| 380|0x0000000097c00000, 0x0000000097c00000, 0x0000000097d00000|  0%| F|  |TAMS 0x0000000097c00000, 0x0000000097c00000| Untracked 
| 381|0x0000000097d00000, 0x0000000097d00000, 0x0000000097e00000|  0%| F|  |TAMS 0x0000000097d00000, 0x0000000097d00000| Untracked 
| 382|0x0000000097e00000, 0x0000000097e00000, 0x0000000097f00000|  0%| F|  |TAMS 0x0000000097e00000, 0x0000000097e00000| Untracked 
| 383|0x0000000097f00000, 0x0000000097f00000, 0x0000000098000000|  0%| F|  |TAMS 0x0000000097f00000, 0x0000000097f00000| Untracked 
| 384|0x0000000098000000, 0x0000000098000000, 0x0000000098100000|  0%| F|  |TAMS 0x0000000098000000, 0x0000000098000000| Untracked 
| 385|0x0000000098100000, 0x0000000098100000, 0x0000000098200000|  0%| F|  |TAMS 0x0000000098100000, 0x0000000098100000| Untracked 
| 386|0x0000000098200000, 0x0000000098200000, 0x0000000098300000|  0%| F|  |TAMS 0x0000000098200000, 0x0000000098200000| Untracked 
| 387|0x0000000098300000, 0x0000000098300000, 0x0000000098400000|  0%| F|  |TAMS 0x0000000098300000, 0x0000000098300000| Untracked 
| 388|0x0000000098400000, 0x0000000098400000, 0x0000000098500000|  0%| F|  |TAMS 0x0000000098400000, 0x0000000098400000| Untracked 
| 389|0x0000000098500000, 0x0000000098500000, 0x0000000098600000|  0%| F|  |TAMS 0x0000000098500000, 0x0000000098500000| Untracked 
| 390|0x0000000098600000, 0x0000000098600000, 0x0000000098700000|  0%| F|  |TAMS 0x0000000098600000, 0x0000000098600000| Untracked 
| 391|0x0000000098700000, 0x0000000098700000, 0x0000000098800000|  0%| F|  |TAMS 0x0000000098700000, 0x0000000098700000| Untracked 
| 392|0x0000000098800000, 0x0000000098800000, 0x0000000098900000|  0%| F|  |TAMS 0x0000000098800000, 0x0000000098800000| Untracked 
| 393|0x0000000098900000, 0x0000000098900000, 0x0000000098a00000|  0%| F|  |TAMS 0x0000000098900000, 0x0000000098900000| Untracked 
| 394|0x0000000098a00000, 0x0000000098a00000, 0x0000000098b00000|  0%| F|  |TAMS 0x0000000098a00000, 0x0000000098a00000| Untracked 
| 395|0x0000000098b00000, 0x0000000098b00000, 0x0000000098c00000|  0%| F|  |TAMS 0x0000000098b00000, 0x0000000098b00000| Untracked 
| 396|0x0000000098c00000, 0x0000000098c00000, 0x0000000098d00000|  0%| F|  |TAMS 0x0000000098c00000, 0x0000000098c00000| Untracked 
| 397|0x0000000098d00000, 0x0000000098d00000, 0x0000000098e00000|  0%| F|  |TAMS 0x0000000098d00000, 0x0000000098d00000| Untracked 
| 398|0x0000000098e00000, 0x0000000098e00000, 0x0000000098f00000|  0%| F|  |TAMS 0x0000000098e00000, 0x0000000098e00000| Untracked 
| 399|0x0000000098f00000, 0x0000000098f00000, 0x0000000099000000|  0%| F|  |TAMS 0x0000000098f00000, 0x0000000098f00000| Untracked 
| 400|0x0000000099000000, 0x0000000099000000, 0x0000000099100000|  0%| F|  |TAMS 0x0000000099000000, 0x0000000099000000| Untracked 
| 401|0x0000000099100000, 0x0000000099100000, 0x0000000099200000|  0%| F|  |TAMS 0x0000000099100000, 0x0000000099100000| Untracked 
| 402|0x0000000099200000, 0x0000000099200000, 0x0000000099300000|  0%| F|  |TAMS 0x0000000099200000, 0x0000000099200000| Untracked 
| 403|0x0000000099300000, 0x0000000099300000, 0x0000000099400000|  0%| F|  |TAMS 0x0000000099300000, 0x0000000099300000| Untracked 
| 404|0x0000000099400000, 0x0000000099400000, 0x0000000099500000|  0%| F|  |TAMS 0x0000000099400000, 0x0000000099400000| Untracked 
| 405|0x0000000099500000, 0x0000000099500000, 0x0000000099600000|  0%| F|  |TAMS 0x0000000099500000, 0x0000000099500000| Untracked 
| 406|0x0000000099600000, 0x0000000099600000, 0x0000000099700000|  0%| F|  |TAMS 0x0000000099600000, 0x0000000099600000| Untracked 
| 407|0x0000000099700000, 0x0000000099700000, 0x0000000099800000|  0%| F|  |TAMS 0x0000000099700000, 0x0000000099700000| Untracked 
| 408|0x0000000099800000, 0x0000000099800000, 0x0000000099900000|  0%| F|  |TAMS 0x0000000099800000, 0x0000000099800000| Untracked 
| 409|0x0000000099900000, 0x0000000099900000, 0x0000000099a00000|  0%| F|  |TAMS 0x0000000099900000, 0x0000000099900000| Untracked 
| 410|0x0000000099a00000, 0x0000000099a00000, 0x0000000099b00000|  0%| F|  |TAMS 0x0000000099a00000, 0x0000000099a00000| Untracked 
| 411|0x0000000099b00000, 0x0000000099b00000, 0x0000000099c00000|  0%| F|  |TAMS 0x0000000099b00000, 0x0000000099b00000| Untracked 
| 412|0x0000000099c00000, 0x0000000099c00000, 0x0000000099d00000|  0%| F|  |TAMS 0x0000000099c00000, 0x0000000099c00000| Untracked 
| 413|0x0000000099d00000, 0x0000000099d00000, 0x0000000099e00000|  0%| F|  |TAMS 0x0000000099d00000, 0x0000000099d00000| Untracked 
| 414|0x0000000099e00000, 0x0000000099e00000, 0x0000000099f00000|  0%| F|  |TAMS 0x0000000099e00000, 0x0000000099e00000| Untracked 
| 415|0x0000000099f00000, 0x0000000099f00000, 0x000000009a000000|  0%| F|  |TAMS 0x0000000099f00000, 0x0000000099f00000| Untracked 
| 416|0x000000009a000000, 0x000000009a000000, 0x000000009a100000|  0%| F|  |TAMS 0x000000009a000000, 0x000000009a000000| Untracked 
| 417|0x000000009a100000, 0x000000009a100000, 0x000000009a200000|  0%| F|  |TAMS 0x000000009a100000, 0x000000009a100000| Untracked 
| 418|0x000000009a200000, 0x000000009a200000, 0x000000009a300000|  0%| F|  |TAMS 0x000000009a200000, 0x000000009a200000| Untracked 
| 419|0x000000009a300000, 0x000000009a300000, 0x000000009a400000|  0%| F|  |TAMS 0x000000009a300000, 0x000000009a300000| Untracked 
| 420|0x000000009a400000, 0x000000009a400000, 0x000000009a500000|  0%| F|  |TAMS 0x000000009a400000, 0x000000009a400000| Untracked 
| 421|0x000000009a500000, 0x000000009a500000, 0x000000009a600000|  0%| F|  |TAMS 0x000000009a500000, 0x000000009a500000| Untracked 
| 422|0x000000009a600000, 0x000000009a600000, 0x000000009a700000|  0%| F|  |TAMS 0x000000009a600000, 0x000000009a600000| Untracked 
| 423|0x000000009a700000, 0x000000009a700000, 0x000000009a800000|  0%| F|  |TAMS 0x000000009a700000, 0x000000009a700000| Untracked 
| 424|0x000000009a800000, 0x000000009a800000, 0x000000009a900000|  0%| F|  |TAMS 0x000000009a800000, 0x000000009a800000| Untracked 
| 425|0x000000009a900000, 0x000000009a900000, 0x000000009aa00000|  0%| F|  |TAMS 0x000000009a900000, 0x000000009a900000| Untracked 
| 426|0x000000009aa00000, 0x000000009aa00000, 0x000000009ab00000|  0%| F|  |TAMS 0x000000009aa00000, 0x000000009aa00000| Untracked 
| 427|0x000000009ab00000, 0x000000009ab00000, 0x000000009ac00000|  0%| F|  |TAMS 0x000000009ab00000, 0x000000009ab00000| Untracked 
| 428|0x000000009ac00000, 0x000000009ac00000, 0x000000009ad00000|  0%| F|  |TAMS 0x000000009ac00000, 0x000000009ac00000| Untracked 
| 429|0x000000009ad00000, 0x000000009ad00000, 0x000000009ae00000|  0%| F|  |TAMS 0x000000009ad00000, 0x000000009ad00000| Untracked 
| 430|0x000000009ae00000, 0x000000009ae00000, 0x000000009af00000|  0%| F|  |TAMS 0x000000009ae00000, 0x000000009ae00000| Untracked 
| 431|0x000000009af00000, 0x000000009af00000, 0x000000009b000000|  0%| F|  |TAMS 0x000000009af00000, 0x000000009af00000| Untracked 
| 432|0x000000009b000000, 0x000000009b000000, 0x000000009b100000|  0%| F|  |TAMS 0x000000009b000000, 0x000000009b000000| Untracked 
| 433|0x000000009b100000, 0x000000009b100000, 0x000000009b200000|  0%| F|  |TAMS 0x000000009b100000, 0x000000009b100000| Untracked 
| 434|0x000000009b200000, 0x000000009b200000, 0x000000009b300000|  0%| F|  |TAMS 0x000000009b200000, 0x000000009b200000| Untracked 
| 435|0x000000009b300000, 0x000000009b300000, 0x000000009b400000|  0%| F|  |TAMS 0x000000009b300000, 0x000000009b300000| Untracked 
| 436|0x000000009b400000, 0x000000009b400000, 0x000000009b500000|  0%| F|  |TAMS 0x000000009b400000, 0x000000009b400000| Untracked 
| 437|0x000000009b500000, 0x000000009b500000, 0x000000009b600000|  0%| F|  |TAMS 0x000000009b500000, 0x000000009b500000| Untracked 
| 438|0x000000009b600000, 0x000000009b600000, 0x000000009b700000|  0%| F|  |TAMS 0x000000009b600000, 0x000000009b600000| Untracked 
| 439|0x000000009b700000, 0x000000009b700000, 0x000000009b800000|  0%| F|  |TAMS 0x000000009b700000, 0x000000009b700000| Untracked 
| 440|0x000000009b800000, 0x000000009b800000, 0x000000009b900000|  0%| F|  |TAMS 0x000000009b800000, 0x000000009b800000| Untracked 
| 441|0x000000009b900000, 0x000000009b9239c0, 0x000000009ba00000| 13%| S|CS|TAMS 0x000000009b900000, 0x000000009b900000| Complete 
| 442|0x000000009ba00000, 0x000000009bb00000, 0x000000009bb00000|100%| S|CS|TAMS 0x000000009ba00000, 0x000000009ba00000| Complete 
| 443|0x000000009bb00000, 0x000000009bc00000, 0x000000009bc00000|100%| S|CS|TAMS 0x000000009bb00000, 0x000000009bb00000| Complete 
| 444|0x000000009bc00000, 0x000000009bd00000, 0x000000009bd00000|100%| S|CS|TAMS 0x000000009bc00000, 0x000000009bc00000| Complete 
| 445|0x000000009bd00000, 0x000000009be00000, 0x000000009be00000|100%| S|CS|TAMS 0x000000009bd00000, 0x000000009bd00000| Complete 
| 446|0x000000009be00000, 0x000000009bf00000, 0x000000009bf00000|100%| S|CS|TAMS 0x000000009be00000, 0x000000009be00000| Complete 
| 447|0x000000009bf00000, 0x000000009c000000, 0x000000009c000000|100%| S|CS|TAMS 0x000000009bf00000, 0x000000009bf00000| Complete 
| 448|0x000000009c000000, 0x000000009c100000, 0x000000009c100000|100%| S|CS|TAMS 0x000000009c000000, 0x000000009c000000| Complete 
| 449|0x000000009c100000, 0x000000009c200000, 0x000000009c200000|100%| S|CS|TAMS 0x000000009c100000, 0x000000009c100000| Complete 
| 450|0x000000009c200000, 0x000000009c300000, 0x000000009c300000|100%| S|CS|TAMS 0x000000009c200000, 0x000000009c200000| Complete 
| 451|0x000000009c300000, 0x000000009c400000, 0x000000009c400000|100%| S|CS|TAMS 0x000000009c300000, 0x000000009c300000| Complete 
| 452|0x000000009c400000, 0x000000009c500000, 0x000000009c500000|100%| S|CS|TAMS 0x000000009c400000, 0x000000009c400000| Complete 
| 453|0x000000009c500000, 0x000000009c600000, 0x000000009c600000|100%| S|CS|TAMS 0x000000009c500000, 0x000000009c500000| Complete 
| 454|0x000000009c600000, 0x000000009c600000, 0x000000009c700000|  0%| F|  |TAMS 0x000000009c600000, 0x000000009c600000| Untracked 
| 455|0x000000009c700000, 0x000000009c700000, 0x000000009c800000|  0%| F|  |TAMS 0x000000009c700000, 0x000000009c700000| Untracked 
| 456|0x000000009c800000, 0x000000009c800000, 0x000000009c900000|  0%| F|  |TAMS 0x000000009c800000, 0x000000009c800000| Untracked 
| 457|0x000000009c900000, 0x000000009c900000, 0x000000009ca00000|  0%| F|  |TAMS 0x000000009c900000, 0x000000009c900000| Untracked 
| 458|0x000000009ca00000, 0x000000009ca00000, 0x000000009cb00000|  0%| F|  |TAMS 0x000000009ca00000, 0x000000009ca00000| Untracked 
| 459|0x000000009cb00000, 0x000000009cb00000, 0x000000009cc00000|  0%| F|  |TAMS 0x000000009cb00000, 0x000000009cb00000| Untracked 
| 460|0x000000009cc00000, 0x000000009cc00000, 0x000000009cd00000|  0%| F|  |TAMS 0x000000009cc00000, 0x000000009cc00000| Untracked 
| 461|0x000000009cd00000, 0x000000009cd00000, 0x000000009ce00000|  0%| F|  |TAMS 0x000000009cd00000, 0x000000009cd00000| Untracked 
| 462|0x000000009ce00000, 0x000000009ce00000, 0x000000009cf00000|  0%| F|  |TAMS 0x000000009ce00000, 0x000000009ce00000| Untracked 
| 463|0x000000009cf00000, 0x000000009cf00000, 0x000000009d000000|  0%| F|  |TAMS 0x000000009cf00000, 0x000000009cf00000| Untracked 
| 464|0x000000009d000000, 0x000000009d000000, 0x000000009d100000|  0%| F|  |TAMS 0x000000009d000000, 0x000000009d000000| Untracked 
| 465|0x000000009d100000, 0x000000009d100000, 0x000000009d200000|  0%| F|  |TAMS 0x000000009d100000, 0x000000009d100000| Untracked 
| 466|0x000000009d200000, 0x000000009d200000, 0x000000009d300000|  0%| F|  |TAMS 0x000000009d200000, 0x000000009d200000| Untracked 
| 467|0x000000009d300000, 0x000000009d300000, 0x000000009d400000|  0%| F|  |TAMS 0x000000009d300000, 0x000000009d300000| Untracked 
| 468|0x000000009d400000, 0x000000009d400000, 0x000000009d500000|  0%| F|  |TAMS 0x000000009d400000, 0x000000009d400000| Untracked 
| 469|0x000000009d500000, 0x000000009d500000, 0x000000009d600000|  0%| F|  |TAMS 0x000000009d500000, 0x000000009d500000| Untracked 
| 470|0x000000009d600000, 0x000000009d600000, 0x000000009d700000|  0%| F|  |TAMS 0x000000009d600000, 0x000000009d600000| Untracked 
| 471|0x000000009d700000, 0x000000009d700000, 0x000000009d800000|  0%| F|  |TAMS 0x000000009d700000, 0x000000009d700000| Untracked 
| 472|0x000000009d800000, 0x000000009d800000, 0x000000009d900000|  0%| F|  |TAMS 0x000000009d800000, 0x000000009d800000| Untracked 
| 473|0x000000009d900000, 0x000000009d900000, 0x000000009da00000|  0%| F|  |TAMS 0x000000009d900000, 0x000000009d900000| Untracked 
| 474|0x000000009da00000, 0x000000009da00000, 0x000000009db00000|  0%| F|  |TAMS 0x000000009da00000, 0x000000009da00000| Untracked 
| 475|0x000000009db00000, 0x000000009db00000, 0x000000009dc00000|  0%| F|  |TAMS 0x000000009db00000, 0x000000009db00000| Untracked 
| 476|0x000000009dc00000, 0x000000009dc00000, 0x000000009dd00000|  0%| F|  |TAMS 0x000000009dc00000, 0x000000009dc00000| Untracked 
| 477|0x000000009dd00000, 0x000000009dd00000, 0x000000009de00000|  0%| F|  |TAMS 0x000000009dd00000, 0x000000009dd00000| Untracked 
| 478|0x000000009de00000, 0x000000009de00000, 0x000000009df00000|  0%| F|  |TAMS 0x000000009de00000, 0x000000009de00000| Untracked 
| 479|0x000000009df00000, 0x000000009df00000, 0x000000009e000000|  0%| F|  |TAMS 0x000000009df00000, 0x000000009df00000| Untracked 
| 480|0x000000009e000000, 0x000000009e000000, 0x000000009e100000|  0%| F|  |TAMS 0x000000009e000000, 0x000000009e000000| Untracked 
| 481|0x000000009e100000, 0x000000009e100000, 0x000000009e200000|  0%| F|  |TAMS 0x000000009e100000, 0x000000009e100000| Untracked 
| 482|0x000000009e200000, 0x000000009e200000, 0x000000009e300000|  0%| F|  |TAMS 0x000000009e200000, 0x000000009e200000| Untracked 
| 483|0x000000009e300000, 0x000000009e300000, 0x000000009e400000|  0%| F|  |TAMS 0x000000009e300000, 0x000000009e300000| Untracked 
| 484|0x000000009e400000, 0x000000009e400000, 0x000000009e500000|  0%| F|  |TAMS 0x000000009e400000, 0x000000009e400000| Untracked 
| 485|0x000000009e500000, 0x000000009e500000, 0x000000009e600000|  0%| F|  |TAMS 0x000000009e500000, 0x000000009e500000| Untracked 
| 486|0x000000009e600000, 0x000000009e600000, 0x000000009e700000|  0%| F|  |TAMS 0x000000009e600000, 0x000000009e600000| Untracked 
| 487|0x000000009e700000, 0x000000009e700000, 0x000000009e800000|  0%| F|  |TAMS 0x000000009e700000, 0x000000009e700000| Untracked 
| 488|0x000000009e800000, 0x000000009e800000, 0x000000009e900000|  0%| F|  |TAMS 0x000000009e800000, 0x000000009e800000| Untracked 
| 489|0x000000009e900000, 0x000000009e900000, 0x000000009ea00000|  0%| F|  |TAMS 0x000000009e900000, 0x000000009e900000| Untracked 
| 490|0x000000009ea00000, 0x000000009ea00000, 0x000000009eb00000|  0%| F|  |TAMS 0x000000009ea00000, 0x000000009ea00000| Untracked 
| 491|0x000000009eb00000, 0x000000009eb00000, 0x000000009ec00000|  0%| F|  |TAMS 0x000000009eb00000, 0x000000009eb00000| Untracked 
| 492|0x000000009ec00000, 0x000000009ec00000, 0x000000009ed00000|  0%| F|  |TAMS 0x000000009ec00000, 0x000000009ec00000| Untracked 
| 493|0x000000009ed00000, 0x000000009ed00000, 0x000000009ee00000|  0%| F|  |TAMS 0x000000009ed00000, 0x000000009ed00000| Untracked 
| 494|0x000000009ee00000, 0x000000009ee00000, 0x000000009ef00000|  0%| F|  |TAMS 0x000000009ee00000, 0x000000009ee00000| Untracked 
| 495|0x000000009ef00000, 0x000000009ef00000, 0x000000009f000000|  0%| F|  |TAMS 0x000000009ef00000, 0x000000009ef00000| Untracked 
| 496|0x000000009f000000, 0x000000009f000000, 0x000000009f100000|  0%| F|  |TAMS 0x000000009f000000, 0x000000009f000000| Untracked 
| 497|0x000000009f100000, 0x000000009f100000, 0x000000009f200000|  0%| F|  |TAMS 0x000000009f100000, 0x000000009f100000| Untracked 
| 498|0x000000009f200000, 0x000000009f200000, 0x000000009f300000|  0%| F|  |TAMS 0x000000009f200000, 0x000000009f200000| Untracked 
| 499|0x000000009f300000, 0x000000009f300000, 0x000000009f400000|  0%| F|  |TAMS 0x000000009f300000, 0x000000009f300000| Untracked 
| 500|0x000000009f400000, 0x000000009f400000, 0x000000009f500000|  0%| F|  |TAMS 0x000000009f400000, 0x000000009f400000| Untracked 
| 501|0x000000009f500000, 0x000000009f500000, 0x000000009f600000|  0%| F|  |TAMS 0x000000009f500000, 0x000000009f500000| Untracked 
| 502|0x000000009f600000, 0x000000009f600000, 0x000000009f700000|  0%| F|  |TAMS 0x000000009f600000, 0x000000009f600000| Untracked 
| 503|0x000000009f700000, 0x000000009f700000, 0x000000009f800000|  0%| F|  |TAMS 0x000000009f700000, 0x000000009f700000| Untracked 
| 504|0x000000009f800000, 0x000000009f800000, 0x000000009f900000|  0%| F|  |TAMS 0x000000009f800000, 0x000000009f800000| Untracked 
| 505|0x000000009f900000, 0x000000009f900000, 0x000000009fa00000|  0%| F|  |TAMS 0x000000009f900000, 0x000000009f900000| Untracked 
| 506|0x000000009fa00000, 0x000000009fa00000, 0x000000009fb00000|  0%| F|  |TAMS 0x000000009fa00000, 0x000000009fa00000| Untracked 
| 507|0x000000009fb00000, 0x000000009fb00000, 0x000000009fc00000|  0%| F|  |TAMS 0x000000009fb00000, 0x000000009fb00000| Untracked 
| 508|0x000000009fc00000, 0x000000009fc00000, 0x000000009fd00000|  0%| F|  |TAMS 0x000000009fc00000, 0x000000009fc00000| Untracked 
| 509|0x000000009fd00000, 0x000000009fd00000, 0x000000009fe00000|  0%| F|  |TAMS 0x000000009fd00000, 0x000000009fd00000| Untracked 
| 510|0x000000009fe00000, 0x000000009fe00000, 0x000000009ff00000|  0%| F|  |TAMS 0x000000009fe00000, 0x000000009fe00000| Untracked 
| 511|0x000000009ff00000, 0x000000009ff00000, 0x00000000a0000000|  0%| F|  |TAMS 0x000000009ff00000, 0x000000009ff00000| Untracked 
| 512|0x00000000a0000000, 0x00000000a0000000, 0x00000000a0100000|  0%| F|  |TAMS 0x00000000a0000000, 0x00000000a0000000| Untracked 
| 513|0x00000000a0100000, 0x00000000a0100000, 0x00000000a0200000|  0%| F|  |TAMS 0x00000000a0100000, 0x00000000a0100000| Untracked 
| 514|0x00000000a0200000, 0x00000000a0200000, 0x00000000a0300000|  0%| F|  |TAMS 0x00000000a0200000, 0x00000000a0200000| Untracked 
| 515|0x00000000a0300000, 0x00000000a0300000, 0x00000000a0400000|  0%| F|  |TAMS 0x00000000a0300000, 0x00000000a0300000| Untracked 
| 516|0x00000000a0400000, 0x00000000a0400000, 0x00000000a0500000|  0%| F|  |TAMS 0x00000000a0400000, 0x00000000a0400000| Untracked 
| 517|0x00000000a0500000, 0x00000000a0500000, 0x00000000a0600000|  0%| F|  |TAMS 0x00000000a0500000, 0x00000000a0500000| Untracked 
| 518|0x00000000a0600000, 0x00000000a0600000, 0x00000000a0700000|  0%| F|  |TAMS 0x00000000a0600000, 0x00000000a0600000| Untracked 
| 519|0x00000000a0700000, 0x00000000a0700000, 0x00000000a0800000|  0%| F|  |TAMS 0x00000000a0700000, 0x00000000a0700000| Untracked 
| 520|0x00000000a0800000, 0x00000000a0800000, 0x00000000a0900000|  0%| F|  |TAMS 0x00000000a0800000, 0x00000000a0800000| Untracked 
| 521|0x00000000a0900000, 0x00000000a0900000, 0x00000000a0a00000|  0%| F|  |TAMS 0x00000000a0900000, 0x00000000a0900000| Untracked 
| 522|0x00000000a0a00000, 0x00000000a0a00000, 0x00000000a0b00000|  0%| F|  |TAMS 0x00000000a0a00000, 0x00000000a0a00000| Untracked 
| 523|0x00000000a0b00000, 0x00000000a0b00000, 0x00000000a0c00000|  0%| F|  |TAMS 0x00000000a0b00000, 0x00000000a0b00000| Untracked 
| 524|0x00000000a0c00000, 0x00000000a0c00000, 0x00000000a0d00000|  0%| F|  |TAMS 0x00000000a0c00000, 0x00000000a0c00000| Untracked 
| 525|0x00000000a0d00000, 0x00000000a0d00000, 0x00000000a0e00000|  0%| F|  |TAMS 0x00000000a0d00000, 0x00000000a0d00000| Untracked 
| 526|0x00000000a0e00000, 0x00000000a0e00000, 0x00000000a0f00000|  0%| F|  |TAMS 0x00000000a0e00000, 0x00000000a0e00000| Untracked 
| 527|0x00000000a0f00000, 0x00000000a0f00000, 0x00000000a1000000|  0%| F|  |TAMS 0x00000000a0f00000, 0x00000000a0f00000| Untracked 
| 528|0x00000000a1000000, 0x00000000a1000000, 0x00000000a1100000|  0%| F|  |TAMS 0x00000000a1000000, 0x00000000a1000000| Untracked 
| 529|0x00000000a1100000, 0x00000000a1100000, 0x00000000a1200000|  0%| F|  |TAMS 0x00000000a1100000, 0x00000000a1100000| Untracked 
| 530|0x00000000a1200000, 0x00000000a1200000, 0x00000000a1300000|  0%| F|  |TAMS 0x00000000a1200000, 0x00000000a1200000| Untracked 
| 531|0x00000000a1300000, 0x00000000a1300000, 0x00000000a1400000|  0%| F|  |TAMS 0x00000000a1300000, 0x00000000a1300000| Untracked 
| 532|0x00000000a1400000, 0x00000000a1400000, 0x00000000a1500000|  0%| F|  |TAMS 0x00000000a1400000, 0x00000000a1400000| Untracked 
| 533|0x00000000a1500000, 0x00000000a1500000, 0x00000000a1600000|  0%| F|  |TAMS 0x00000000a1500000, 0x00000000a1500000| Untracked 
| 534|0x00000000a1600000, 0x00000000a1600000, 0x00000000a1700000|  0%| F|  |TAMS 0x00000000a1600000, 0x00000000a1600000| Untracked 
| 535|0x00000000a1700000, 0x00000000a1700000, 0x00000000a1800000|  0%| F|  |TAMS 0x00000000a1700000, 0x00000000a1700000| Untracked 
| 536|0x00000000a1800000, 0x00000000a1800000, 0x00000000a1900000|  0%| F|  |TAMS 0x00000000a1800000, 0x00000000a1800000| Untracked 
| 537|0x00000000a1900000, 0x00000000a1900000, 0x00000000a1a00000|  0%| F|  |TAMS 0x00000000a1900000, 0x00000000a1900000| Untracked 
| 538|0x00000000a1a00000, 0x00000000a1a00000, 0x00000000a1b00000|  0%| F|  |TAMS 0x00000000a1a00000, 0x00000000a1a00000| Untracked 
| 539|0x00000000a1b00000, 0x00000000a1b00000, 0x00000000a1c00000|  0%| F|  |TAMS 0x00000000a1b00000, 0x00000000a1b00000| Untracked 
| 540|0x00000000a1c00000, 0x00000000a1c00000, 0x00000000a1d00000|  0%| F|  |TAMS 0x00000000a1c00000, 0x00000000a1c00000| Untracked 
| 541|0x00000000a1d00000, 0x00000000a1d00000, 0x00000000a1e00000|  0%| F|  |TAMS 0x00000000a1d00000, 0x00000000a1d00000| Untracked 
| 542|0x00000000a1e00000, 0x00000000a1e00000, 0x00000000a1f00000|  0%| F|  |TAMS 0x00000000a1e00000, 0x00000000a1e00000| Untracked 
| 543|0x00000000a1f00000, 0x00000000a1f00000, 0x00000000a2000000|  0%| F|  |TAMS 0x00000000a1f00000, 0x00000000a1f00000| Untracked 
| 544|0x00000000a2000000, 0x00000000a2000000, 0x00000000a2100000|  0%| F|  |TAMS 0x00000000a2000000, 0x00000000a2000000| Untracked 
| 545|0x00000000a2100000, 0x00000000a2100000, 0x00000000a2200000|  0%| F|  |TAMS 0x00000000a2100000, 0x00000000a2100000| Untracked 
| 546|0x00000000a2200000, 0x00000000a2200000, 0x00000000a2300000|  0%| F|  |TAMS 0x00000000a2200000, 0x00000000a2200000| Untracked 
| 547|0x00000000a2300000, 0x00000000a2300000, 0x00000000a2400000|  0%| F|  |TAMS 0x00000000a2300000, 0x00000000a2300000| Untracked 
| 548|0x00000000a2400000, 0x00000000a2400000, 0x00000000a2500000|  0%| F|  |TAMS 0x00000000a2400000, 0x00000000a2400000| Untracked 
| 549|0x00000000a2500000, 0x00000000a2500000, 0x00000000a2600000|  0%| F|  |TAMS 0x00000000a2500000, 0x00000000a2500000| Untracked 
| 550|0x00000000a2600000, 0x00000000a2600000, 0x00000000a2700000|  0%| F|  |TAMS 0x00000000a2600000, 0x00000000a2600000| Untracked 
| 551|0x00000000a2700000, 0x00000000a2700000, 0x00000000a2800000|  0%| F|  |TAMS 0x00000000a2700000, 0x00000000a2700000| Untracked 
| 552|0x00000000a2800000, 0x00000000a2800000, 0x00000000a2900000|  0%| F|  |TAMS 0x00000000a2800000, 0x00000000a2800000| Untracked 
| 553|0x00000000a2900000, 0x00000000a2900000, 0x00000000a2a00000|  0%| F|  |TAMS 0x00000000a2900000, 0x00000000a2900000| Untracked 
| 554|0x00000000a2a00000, 0x00000000a2a00000, 0x00000000a2b00000|  0%| F|  |TAMS 0x00000000a2a00000, 0x00000000a2a00000| Untracked 
| 555|0x00000000a2b00000, 0x00000000a2b00000, 0x00000000a2c00000|  0%| F|  |TAMS 0x00000000a2b00000, 0x00000000a2b00000| Untracked 
| 556|0x00000000a2c00000, 0x00000000a2c00000, 0x00000000a2d00000|  0%| F|  |TAMS 0x00000000a2c00000, 0x00000000a2c00000| Untracked 
| 557|0x00000000a2d00000, 0x00000000a2d00000, 0x00000000a2e00000|  0%| F|  |TAMS 0x00000000a2d00000, 0x00000000a2d00000| Untracked 
| 558|0x00000000a2e00000, 0x00000000a2e00000, 0x00000000a2f00000|  0%| F|  |TAMS 0x00000000a2e00000, 0x00000000a2e00000| Untracked 
| 559|0x00000000a2f00000, 0x00000000a2f00000, 0x00000000a3000000|  0%| F|  |TAMS 0x00000000a2f00000, 0x00000000a2f00000| Untracked 
| 560|0x00000000a3000000, 0x00000000a3000000, 0x00000000a3100000|  0%| F|  |TAMS 0x00000000a3000000, 0x00000000a3000000| Untracked 
| 561|0x00000000a3100000, 0x00000000a3100000, 0x00000000a3200000|  0%| F|  |TAMS 0x00000000a3100000, 0x00000000a3100000| Untracked 
| 562|0x00000000a3200000, 0x00000000a3300000, 0x00000000a3300000|100%| E|  |TAMS 0x00000000a3200000, 0x00000000a3200000| Complete 
| 563|0x00000000a3300000, 0x00000000a3400000, 0x00000000a3400000|100%| E|CS|TAMS 0x00000000a3300000, 0x00000000a3300000| Complete 
| 564|0x00000000a3400000, 0x00000000a3500000, 0x00000000a3500000|100%| E|CS|TAMS 0x00000000a3400000, 0x00000000a3400000| Complete 
| 565|0x00000000a3500000, 0x00000000a3600000, 0x00000000a3600000|100%| E|CS|TAMS 0x00000000a3500000, 0x00000000a3500000| Complete 
| 566|0x00000000a3600000, 0x00000000a3700000, 0x00000000a3700000|100%| E|CS|TAMS 0x00000000a3600000, 0x00000000a3600000| Complete 
| 567|0x00000000a3700000, 0x00000000a3800000, 0x00000000a3800000|100%| E|CS|TAMS 0x00000000a3700000, 0x00000000a3700000| Complete 
| 568|0x00000000a3800000, 0x00000000a3900000, 0x00000000a3900000|100%| E|CS|TAMS 0x00000000a3800000, 0x00000000a3800000| Complete 
| 569|0x00000000a3900000, 0x00000000a3a00000, 0x00000000a3a00000|100%| E|CS|TAMS 0x00000000a3900000, 0x00000000a3900000| Complete 
| 570|0x00000000a3a00000, 0x00000000a3b00000, 0x00000000a3b00000|100%| E|CS|TAMS 0x00000000a3a00000, 0x00000000a3a00000| Complete 
| 571|0x00000000a3b00000, 0x00000000a3c00000, 0x00000000a3c00000|100%| E|CS|TAMS 0x00000000a3b00000, 0x00000000a3b00000| Complete 
| 572|0x00000000a3c00000, 0x00000000a3d00000, 0x00000000a3d00000|100%| E|CS|TAMS 0x00000000a3c00000, 0x00000000a3c00000| Complete 
| 573|0x00000000a3d00000, 0x00000000a3e00000, 0x00000000a3e00000|100%| E|CS|TAMS 0x00000000a3d00000, 0x00000000a3d00000| Complete 
| 574|0x00000000a3e00000, 0x00000000a3f00000, 0x00000000a3f00000|100%| E|CS|TAMS 0x00000000a3e00000, 0x00000000a3e00000| Complete 

Card table byte_map: [0x000001eb6b470000,0x000001eb6b870000] _byte_map_base: 0x000001eb6b070000

Marking Bits (Prev, Next): (CMBitMap*) 0x000001eb54229350, (CMBitMap*) 0x000001eb54229390
 Prev Bits: [0x000001eb6bc70000, 0x000001eb6dc70000)
 Next Bits: [0x000001eb6dc70000, 0x000001eb6fc70000)

Polling page: 0x000001eb51fe0000

Metaspace:

Usage:
  Non-class:    163.72 MB used.
      Class:     24.35 MB used.
       Both:    188.07 MB used.

Virtual space:
  Non-class space:      192.00 MB reserved,     164.81 MB ( 86%) committed,  3 nodes.
      Class space:      416.00 MB reserved,      25.31 MB (  6%) committed,  1 nodes.
             Both:      608.00 MB reserved,     190.12 MB ( 31%) committed. 

Chunk freelists:
   Non-Class:  11.11 MB
       Class:  6.67 MB
        Both:  17.78 MB

MaxMetaspaceSize: 512.00 MB
CompressedClassSpaceSize: 416.00 MB
Initial GC threshold: 21.00 MB
Current GC threshold: 306.19 MB
CDS: on
MetaspaceReclaimPolicy: balanced
 - commit_granule_bytes: 65536.
 - commit_granule_words: 8192.
 - virtual_space_node_default_size: 8388608.
 - enlarge_chunks_in_place: 1.
 - new_chunks_are_fully_committed: 0.
 - uncommit_free_chunks: 1.
 - use_allocation_guard: 0.
 - handle_deallocations: 1.


Internal statistics:

num_allocs_failed_limit: 6.
num_arena_births: 2664.
num_arena_deaths: 8.
num_vsnodes_births: 4.
num_vsnodes_deaths: 0.
num_space_committed: 3038.
num_space_uncommitted: 0.
num_chunks_returned_to_freelist: 23.
num_chunks_taken_from_freelist: 10902.
num_chunk_merges: 5.
num_chunk_splits: 7432.
num_chunks_enlarged: 5047.
num_inconsistent_stats: 0.

CodeHeap 'non-profiled nmethods': size=120000Kb used=17519Kb max_used=17519Kb free=102481Kb
 bounds [0x000001eb637f0000, 0x000001eb64910000, 0x000001eb6ad20000]
CodeHeap 'profiled nmethods': size=120000Kb used=50528Kb max_used=50528Kb free=69471Kb
 bounds [0x000001eb5bd20000, 0x000001eb5ee80000, 0x000001eb63250000]
CodeHeap 'non-nmethods': size=5760Kb used=2659Kb max_used=2716Kb free=3100Kb
 bounds [0x000001eb63250000, 0x000001eb63510000, 0x000001eb637f0000]
 total_blobs=25228 nmethods=24008 adapters=1129
 compilation: enabled
              stopped_count=0, restarted_count=0
 full_count=0

Compilation events (20 events):
Event: 445.530 Thread 0x000001eb726f5d00 nmethod 28725 0x000001eb5ee75190 code [0x000001eb5ee75320, 0x000001eb5ee754d8]
Event: 445.546 Thread 0x000001eb726ee940 28726 % !   4       java.util.jar.Attributes::read @ 214 (494 bytes)
Event: 445.555 Thread 0x000001eb726f5d00 28727   !   3       java.net.URL::getURLStreamHandler (191 bytes)
Event: 445.556 Thread 0x000001eb726f5d00 nmethod 28727 0x000001eb5ee75590 code [0x000001eb5ee75840, 0x000001eb5ee76678]
Event: 445.846 Thread 0x000001eb726ee940 nmethod 28726% 0x000001eb648f5390 code [0x000001eb648f5720, 0x000001eb648fb6a8]
Event: 445.974 Thread 0x000001eb726ee940 28728       4       java.util.concurrent.locks.AbstractQueuedSynchronizer::acquire (20 bytes)
Event: 445.977 Thread 0x000001eb726ee940 nmethod 28728 0x000001eb648fe110 code [0x000001eb648fe2a0, 0x000001eb648fe488]
Event: 446.526 Thread 0x000001eb726ee940 28729       4       org.gradle.internal.classloader.VisitableURLClassLoader$InstrumentingVisitableURLClassLoader::instrumentClass (10 bytes)
Event: 447.296 Thread 0x000001eb726ee940 nmethod 28729 0x000001eb648fe590 code [0x000001eb648fed80, 0x000001eb64906ce0]
Event: 447.297 Thread 0x000001eb726ee940 28730       4       org.gradle.internal.classloader.TransformReplacer::getLoader (46 bytes)
Event: 447.308 Thread 0x000001eb726ee940 nmethod 28730 0x000001eb6490b390 code [0x000001eb6490b560, 0x000001eb6490b8a8]
Event: 447.308 Thread 0x000001eb726ee940 28731  s!   4       org.gradle.internal.classloader.TransformReplacer$JarLoader::loadTransformedClass (56 bytes)
Event: 447.440 Thread 0x000001eb726f5d00 28733       3       sun.reflect.generics.tree.FormalTypeParameter::accept (8 bytes)
Event: 447.440 Thread 0x000001eb726f5d00 nmethod 28733 0x000001eb5ee76b10 code [0x000001eb5ee76ce0, 0x000001eb5ee77028]
Event: 447.440 Thread 0x000001eb726f5d00 28734       3       sun.reflect.generics.visitor.Reifier::visitFormalTypeParameter (22 bytes)
Event: 447.441 Thread 0x000001eb726f5d00 nmethod 28734 0x000001eb5ee77210 code [0x000001eb5ee773e0, 0x000001eb5ee77688]
Event: 447.441 Thread 0x000001eb726f5d00 28735       3       sun.reflect.generics.factory.CoreReflectionFactory::makeTypeVariable (11 bytes)
Event: 447.441 Thread 0x000001eb726f5d00 nmethod 28735 0x000001eb5ee77810 code [0x000001eb5ee779c0, 0x000001eb5ee77b08]
Event: 447.774 Thread 0x000001eb726f5d00 28736   !   3       org.gradle.internal.classloader.CachingClassLoader::loadClass (85 bytes)
Event: 447.775 Thread 0x000001eb726f5d00 nmethod 28736 0x000001eb5ee77b90 code [0x000001eb5ee77da0, 0x000001eb5ee78508]

GC Heap History (20 events):
Event: 242.214 GC heap before
{Heap before GC invocations=79 (full 0):
 garbage-first heap   total 450560K, used 309466K [0x0000000080000000, 0x0000000100000000)
  region size 1024K, 43 young (44032K), 14 survivors (14336K)
 Metaspace       used 169959K, committed 171776K, reserved 622592K
  class space    used 22457K, committed 23296K, reserved 425984K
}
Event: 242.229 GC heap after
{Heap after GC invocations=80 (full 0):
 garbage-first heap   total 450560K, used 285947K [0x0000000080000000, 0x0000000100000000)
  region size 1024K, 5 young (5120K), 5 survivors (5120K)
 Metaspace       used 169959K, committed 171776K, reserved 622592K
  class space    used 22457K, committed 23296K, reserved 425984K
}
Event: 244.869 GC heap before
{Heap before GC invocations=81 (full 0):
 garbage-first heap   total 500736K, used 379131K [0x0000000080000000, 0x0000000100000000)
  region size 1024K, 90 young (92160K), 5 survivors (5120K)
 Metaspace       used 172406K, committed 174272K, reserved 622592K
  class space    used 22677K, committed 23488K, reserved 425984K
}
Event: 244.889 GC heap after
{Heap after GC invocations=82 (full 0):
 garbage-first heap   total 500736K, used 300785K [0x0000000080000000, 0x0000000100000000)
  region size 1024K, 12 young (12288K), 12 survivors (12288K)
 Metaspace       used 172406K, committed 174272K, reserved 622592K
  class space    used 22677K, committed 23488K, reserved 425984K
}
Event: 245.400 GC heap before
{Heap before GC invocations=82 (full 0):
 garbage-first heap   total 500736K, used 313073K [0x0000000080000000, 0x0000000100000000)
  region size 1024K, 24 young (24576K), 12 survivors (12288K)
 Metaspace       used 173396K, committed 175232K, reserved 622592K
  class space    used 22808K, committed 23616K, reserved 425984K
}
Event: 245.419 GC heap after
{Heap after GC invocations=83 (full 0):
 garbage-first heap   total 500736K, used 300631K [0x0000000080000000, 0x0000000100000000)
  region size 1024K, 2 young (2048K), 2 survivors (2048K)
 Metaspace       used 173396K, committed 175232K, reserved 622592K
  class space    used 22808K, committed 23616K, reserved 425984K
}
Event: 294.625 GC heap before
{Heap before GC invocations=83 (full 0):
 garbage-first heap   total 500736K, used 400983K [0x0000000080000000, 0x0000000100000000)
  region size 1024K, 100 young (102400K), 2 survivors (2048K)
 Metaspace       used 181310K, committed 183168K, reserved 622592K
  class space    used 23690K, committed 24512K, reserved 425984K
}
Event: 294.632 GC heap after
{Heap after GC invocations=84 (full 0):
 garbage-first heap   total 500736K, used 304209K [0x0000000080000000, 0x0000000100000000)
  region size 1024K, 6 young (6144K), 6 survivors (6144K)
 Metaspace       used 181310K, committed 183168K, reserved 622592K
  class space    used 23690K, committed 24512K, reserved 425984K
}
Event: 352.563 GC heap before
{Heap before GC invocations=84 (full 0):
 garbage-first heap   total 500736K, used 407633K [0x0000000080000000, 0x0000000100000000)
  region size 1024K, 106 young (108544K), 6 survivors (6144K)
 Metaspace       used 182787K, committed 184704K, reserved 622592K
  class space    used 23851K, committed 24704K, reserved 425984K
}
Event: 352.574 GC heap after
{Heap after GC invocations=85 (full 0):
 garbage-first heap   total 500736K, used 309779K [0x0000000080000000, 0x0000000100000000)
  region size 1024K, 10 young (10240K), 10 survivors (10240K)
 Metaspace       used 182787K, committed 184704K, reserved 622592K
  class space    used 23851K, committed 24704K, reserved 425984K
}
Event: 355.228 GC heap before
{Heap before GC invocations=85 (full 0):
 garbage-first heap   total 500736K, used 413203K [0x0000000080000000, 0x0000000100000000)
  region size 1024K, 111 young (113664K), 10 survivors (10240K)
 Metaspace       used 185349K, committed 187328K, reserved 622592K
  class space    used 24184K, committed 25088K, reserved 425984K
}
Event: 355.255 GC heap after
{Heap after GC invocations=86 (full 0):
 garbage-first heap   total 500736K, used 322312K [0x0000000080000000, 0x0000000100000000)
  region size 1024K, 14 young (14336K), 14 survivors (14336K)
 Metaspace       used 185349K, committed 187328K, reserved 622592K
  class space    used 24184K, committed 25088K, reserved 425984K
}
Event: 357.427 GC heap before
{Heap before GC invocations=86 (full 0):
 garbage-first heap   total 500736K, used 416520K [0x0000000080000000, 0x0000000100000000)
  region size 1024K, 106 young (108544K), 14 survivors (14336K)
 Metaspace       used 186024K, committed 187968K, reserved 622592K
  class space    used 24266K, committed 25152K, reserved 425984K
}
Event: 357.459 GC heap after
{Heap after GC invocations=87 (full 0):
 garbage-first heap   total 500736K, used 339534K [0x0000000080000000, 0x0000000100000000)
  region size 1024K, 14 young (14336K), 14 survivors (14336K)
 Metaspace       used 186024K, committed 187968K, reserved 622592K
  class space    used 24266K, committed 25152K, reserved 425984K
}
Event: 360.362 GC heap before
{Heap before GC invocations=88 (full 0):
 garbage-first heap   total 588800K, used 412238K [0x0000000080000000, 0x0000000100000000)
  region size 1024K, 85 young (87040K), 14 survivors (14336K)
 Metaspace       used 186693K, committed 188736K, reserved 622592K
  class space    used 24355K, committed 25280K, reserved 425984K
}
Event: 360.390 GC heap after
{Heap after GC invocations=89 (full 0):
 garbage-first heap   total 588800K, used 353280K [0x0000000080000000, 0x0000000100000000)
  region size 1024K, 11 young (11264K), 11 survivors (11264K)
 Metaspace       used 186693K, committed 188736K, reserved 622592K
  class space    used 24355K, committed 25280K, reserved 425984K
}
Event: 361.511 GC heap before
{Heap before GC invocations=89 (full 0):
 garbage-first heap   total 588800K, used 372736K [0x0000000080000000, 0x0000000100000000)
  region size 1024K, 28 young (28672K), 11 survivors (11264K)
 Metaspace       used 187882K, committed 189952K, reserved 622592K
  class space    used 24518K, committed 25472K, reserved 425984K
}
Event: 361.531 GC heap after
{Heap after GC invocations=90 (full 0):
 garbage-first heap   total 588800K, used 355170K [0x0000000080000000, 0x0000000100000000)
  region size 1024K, 3 young (3072K), 3 survivors (3072K)
 Metaspace       used 187882K, committed 189952K, reserved 622592K
  class space    used 24518K, committed 25472K, reserved 425984K
}
Event: 446.074 GC heap before
{Heap before GC invocations=90 (full 0):
 garbage-first heap   total 588800K, used 476002K [0x0000000080000000, 0x0000000100000000)
  region size 1024K, 121 young (123904K), 3 survivors (3072K)
 Metaspace       used 191585K, committed 193664K, reserved 622592K
  class space    used 24821K, committed 25792K, reserved 425984K
}
Event: 446.087 GC heap after
{Heap after GC invocations=91 (full 0):
 garbage-first heap   total 588800K, used 364686K [0x0000000080000000, 0x0000000100000000)
  region size 1024K, 13 young (13312K), 13 survivors (13312K)
 Metaspace       used 191585K, committed 193664K, reserved 622592K
  class space    used 24821K, committed 25792K, reserved 425984K
}

Dll operation events (15 events):
Event: 0.012 Loaded shared library C:\Program Files\Microsoft\jdk-17.0.16.8-hotspot\bin\java.dll
Event: 0.043 Loaded shared library C:\Program Files\Microsoft\jdk-17.0.16.8-hotspot\bin\jsvml.dll
Event: 0.107 Loaded shared library C:\Program Files\Microsoft\jdk-17.0.16.8-hotspot\bin\zip.dll
Event: 0.112 Loaded shared library C:\Program Files\Microsoft\jdk-17.0.16.8-hotspot\bin\instrument.dll
Event: 0.118 Loaded shared library C:\Program Files\Microsoft\jdk-17.0.16.8-hotspot\bin\net.dll
Event: 0.120 Loaded shared library C:\Program Files\Microsoft\jdk-17.0.16.8-hotspot\bin\nio.dll
Event: 0.125 Loaded shared library C:\Program Files\Microsoft\jdk-17.0.16.8-hotspot\bin\zip.dll
Event: 0.306 Loaded shared library C:\Program Files\Microsoft\jdk-17.0.16.8-hotspot\bin\jimage.dll
Event: 0.434 Loaded shared library C:\Program Files\Microsoft\jdk-17.0.16.8-hotspot\bin\verify.dll
Event: 0.688 Loaded shared library C:\Users\tarun\.gradle\native\68d5fa5c4cc2d200863cafc0d521ce42e7d3e7ee720ec0a83991735586a16f82\windows-amd64\native-platform.dll
Event: 0.707 Loaded shared library C:\Users\tarun\.gradle\native\e376f236ea51e6404a007f0833ffe2c6e607c4080706a723a18a27aeea778392\windows-amd64\native-platform-file-events.dll
Event: 1.879 Loaded shared library C:\Program Files\Microsoft\jdk-17.0.16.8-hotspot\bin\management.dll
Event: 1.888 Loaded shared library C:\Program Files\Microsoft\jdk-17.0.16.8-hotspot\bin\management_ext.dll
Event: 2.379 Loaded shared library C:\Program Files\Microsoft\jdk-17.0.16.8-hotspot\bin\extnet.dll
Event: 2.723 Loaded shared library C:\Program Files\Microsoft\jdk-17.0.16.8-hotspot\bin\sunmscapi.dll

Deoptimization events (20 events):
Event: 440.815 Thread 0x000001eb7b2741c0 Uncommon trap: trap_request=0xffffffc6 fr.pc=0x000001eb6488ed00 relative=0x0000000000000140
Event: 440.815 Thread 0x000001eb7b2741c0 Uncommon trap: reason=bimorphic_or_optimized_type_check action=maybe_recompile pc=0x000001eb6488ed00 method=com.google.common.collect.ImmutableSet.equals(Ljava/lang/Object;)Z @ 15 c2
Event: 440.815 Thread 0x000001eb7b2741c0 DEOPT PACKING pc=0x000001eb6488ed00 sp=0x0000005fed4fb9f0
Event: 440.815 Thread 0x000001eb7b2741c0 DEOPT UNPACKING pc=0x000001eb632aa1a3 sp=0x0000005fed4fb9a0 mode 2
Event: 440.819 Thread 0x000001eb7bc49020 Uncommon trap: trap_request=0xffffffc6 fr.pc=0x000001eb6488ed00 relative=0x0000000000000140
Event: 440.819 Thread 0x000001eb7bc49020 Uncommon trap: reason=bimorphic_or_optimized_type_check action=maybe_recompile pc=0x000001eb6488ed00 method=com.google.common.collect.ImmutableSet.equals(Ljava/lang/Object;)Z @ 15 c2
Event: 440.819 Thread 0x000001eb7bc49020 DEOPT PACKING pc=0x000001eb6488ed00 sp=0x0000005fed9fcea0
Event: 440.820 Thread 0x000001eb7bc49020 DEOPT UNPACKING pc=0x000001eb632aa1a3 sp=0x0000005fed9fce50 mode 2
Event: 440.826 Thread 0x000001eb7bc49020 Uncommon trap: trap_request=0xffffffc6 fr.pc=0x000001eb64812dd4 relative=0x0000000000002694
Event: 440.826 Thread 0x000001eb7bc49020 Uncommon trap: reason=bimorphic_or_optimized_type_check action=maybe_recompile pc=0x000001eb64812dd4 method=org.gradle.api.internal.file.AbstractFileCollection$1.visitCollection(Lorg/gradle/api/internal/file/FileCollectionInternal$Source;Ljava/lang/Iterab
Event: 440.826 Thread 0x000001eb7bc49020 DEOPT PACKING pc=0x000001eb64812dd4 sp=0x0000005fed9facd0
Event: 440.826 Thread 0x000001eb7bc49020 DEOPT UNPACKING pc=0x000001eb632aa1a3 sp=0x0000005fed9facb8 mode 2
Event: 447.525 Thread 0x000001eb72803190 Uncommon trap: trap_request=0xffffff45 fr.pc=0x000001eb6424afcc relative=0x000000000000164c
Event: 447.525 Thread 0x000001eb72803190 Uncommon trap: reason=unstable_if action=reinterpret pc=0x000001eb6424afcc method=com.google.common.collect.MapMakerInternalMap$Segment.postReadCleanup()V @ 10 c2
Event: 447.525 Thread 0x000001eb72803190 DEOPT PACKING pc=0x000001eb6424afcc sp=0x0000005fea9f1a40
Event: 447.525 Thread 0x000001eb72803190 DEOPT UNPACKING pc=0x000001eb632aa1a3 sp=0x0000005fea9f18d0 mode 2
Event: 447.580 Thread 0x000001eb72803190 Uncommon trap: trap_request=0xffffff45 fr.pc=0x000001eb64247dac relative=0x00000000000004ac
Event: 447.580 Thread 0x000001eb72803190 Uncommon trap: reason=unstable_if action=reinterpret pc=0x000001eb64247dac method=com.google.common.collect.MapMakerInternalMap$Segment.postReadCleanup()V @ 10 c2
Event: 447.580 Thread 0x000001eb72803190 DEOPT PACKING pc=0x000001eb64247dac sp=0x0000005fea9f0040
Event: 447.580 Thread 0x000001eb72803190 DEOPT UNPACKING pc=0x000001eb632aa1a3 sp=0x0000005fea9eff28 mode 2

Classes loaded (20 events):
Event: 350.897 Loading class java/util/TreeMap$ValueSpliterator
Event: 350.897 Loading class java/util/TreeMap$ValueSpliterator done
Event: 352.910 Loading class java/lang/ExceptionInInitializerError
Event: 352.919 Loading class java/lang/ExceptionInInitializerError done
Event: 353.014 Loading class javax/crypto/NoSuchPaddingException
Event: 353.015 Loading class javax/crypto/NoSuchPaddingException done
Event: 359.639 Loading class java/text/MessageFormat
Event: 359.642 Loading class java/text/MessageFormat done
Event: 359.642 Loading class java/text/MessageFormat$Field
Event: 359.642 Loading class java/text/MessageFormat$Field done
Event: 361.222 Loading class java/util/Locale$1
Event: 361.222 Loading class java/util/Locale$1 done
Event: 371.454 Loading class jdk/internal/math/FormattedFloatingDecimal$Form
Event: 371.459 Loading class jdk/internal/math/FormattedFloatingDecimal$Form done
Event: 371.460 Loading class jdk/internal/math/FormattedFloatingDecimal
Event: 371.461 Loading class jdk/internal/math/FormattedFloatingDecimal done
Event: 371.461 Loading class jdk/internal/math/FormattedFloatingDecimal$1
Event: 371.462 Loading class jdk/internal/math/FormattedFloatingDecimal$1 done
Event: 371.462 Loading class jdk/internal/math/FormattedFloatingDecimal$2
Event: 371.462 Loading class jdk/internal/math/FormattedFloatingDecimal$2 done

Classes unloaded (15 events):
Event: 52.392 Thread 0x000001eb726d3070 Unloading class 0x000001eb015c0800 '_BuildScript_'
Event: 52.392 Thread 0x000001eb726d3070 Unloading class 0x000001eb015bd918 '_BuildScript_$_run_closure1$_closure2'
Event: 52.392 Thread 0x000001eb726d3070 Unloading class 0x000001eb015bd530 '_BuildScript_$_run_closure1'
Event: 52.392 Thread 0x000001eb726d3070 Unloading class 0x000001eb015bd000 '_BuildScript_'
Event: 52.392 Thread 0x000001eb726d3070 Unloading class 0x000001eb015ba000 '_BuildScript_$_run_closure1$_closure2'
Event: 52.392 Thread 0x000001eb726d3070 Unloading class 0x000001eb015b9918 '_BuildScript_$_run_closure1'
Event: 52.392 Thread 0x000001eb726d3070 Unloading class 0x000001eb015b93e8 '_BuildScript_'
Event: 52.392 Thread 0x000001eb726d3070 Unloading class 0x000001eb015b9000 'ProtobufPatchPlugin$_apply_closure1$_closure2$_closure3$_closure4'
Event: 52.392 Thread 0x000001eb726d3070 Unloading class 0x000001eb015b8a98 'ProtobufPatchPlugin$_apply_closure1$_closure2$_closure3'
Event: 52.392 Thread 0x000001eb726d3070 Unloading class 0x000001eb015b86b0 'ProtobufPatchPlugin$_apply_closure1$_closure2'
Event: 52.392 Thread 0x000001eb726d3070 Unloading class 0x000001eb015b82c8 'ProtobufPatchPlugin$_apply_closure1'
Event: 52.392 Thread 0x000001eb726d3070 Unloading class 0x000001eb015b8000 'ProtobufPatchPlugin'
Event: 52.392 Thread 0x000001eb726d3070 Unloading class 0x000001eb01514918 '_BuildScript_$_run_closure1$_closure2'
Event: 52.392 Thread 0x000001eb726d3070 Unloading class 0x000001eb01514530 '_BuildScript_$_run_closure1'
Event: 52.392 Thread 0x000001eb726d3070 Unloading class 0x000001eb01514000 '_BuildScript_'

Classes redefined (0 events):
No events

Internal exceptions (20 events):
Event: 435.603 Thread 0x000001eb72803190 Exception <a 'sun/nio/fs/WindowsException'{0x00000000a0b45948}> (0x00000000a0b45948) 
thrown [s\src\hotspot\share\prims\jni.cpp, line 516]
Event: 435.604 Thread 0x000001eb72803190 Exception <a 'sun/nio/fs/WindowsException'{0x00000000a0b48cb0}> (0x00000000a0b48cb0) 
thrown [s\src\hotspot\share\prims\jni.cpp, line 516]
Event: 438.007 Thread 0x000001eb72803190 Exception <a 'java/lang/ClassNotFoundException'{0x000000009f75e1b8}: GradleAnnotationProcessorPatchPluginBeanInfo> (0x000000009f75e1b8) 
thrown [s\src\hotspot\share\classfile\systemDictionary.cpp, line 256]
Event: 438.008 Thread 0x000001eb72803190 Exception <a 'java/lang/ClassNotFoundException'{0x000000009f768dc0}: GradleAnnotationProcessorPatchPluginCustomizer> (0x000000009f768dc0) 
thrown [s\src\hotspot\share\classfile\systemDictionary.cpp, line 256]
Event: 438.012 Thread 0x000001eb72803190 Exception <a 'java/lang/ClassNotFoundException'{0x000000009f798a08}: GradleAnnotationProcessorPatchPlugin$AnnotationProcessorModelBuilderBeanInfo> (0x000000009f798a08) 
thrown [s\src\hotspot\share\classfile\systemDictionary.cpp, line 256]
Event: 438.013 Thread 0x000001eb72803190 Exception <a 'java/lang/ClassNotFoundException'{0x000000009f7a36f0}: GradleAnnotationProcessorPatchPlugin$AnnotationProcessorModelBuilderCustomizer> (0x000000009f7a36f0) 
thrown [s\src\hotspot\share\classfile\systemDictionary.cpp, line 256]
Event: 438.023 Thread 0x000001eb72803190 Exception <a 'java/lang/ClassNotFoundException'{0x000000009f60eda8}: org/gradle/tooling/provider/model/internal/DefaultToolingModelBuilderRegistryBeanInfo> (0x000000009f60eda8) 
thrown [s\src\hotspot\share\classfile\systemDictionary.cpp, line 256]
Event: 438.024 Thread 0x000001eb72803190 Exception <a 'java/lang/ClassNotFoundException'{0x000000009f625c20}: org/gradle/tooling/provider/model/internal/DefaultToolingModelBuilderRegistryCustomizer> (0x000000009f625c20) 
thrown [s\src\hotspot\share\classfile\systemDictionary.cpp, line 256]
Event: 440.805 Thread 0x000001eb7b2741c0 Exception <a 'sun/nio/fs/WindowsException'{0x000000009e4f0628}> (0x000000009e4f0628) 
thrown [s\src\hotspot\share\prims\jni.cpp, line 516]
Event: 440.808 Thread 0x000001eb7b2741c0 Exception <a 'sun/nio/fs/WindowsException'{0x000000009e4f2d40}> (0x000000009e4f2d40) 
thrown [s\src\hotspot\share\prims\jni.cpp, line 516]
Event: 440.808 Thread 0x000001eb7b2741c0 Exception <a 'sun/nio/fs/WindowsException'{0x000000009e4f4fa0}> (0x000000009e4f4fa0) 
thrown [s\src\hotspot\share\prims\jni.cpp, line 516]
Event: 440.809 Thread 0x000001eb7b2741c0 Exception <a 'sun/nio/fs/WindowsException'{0x000000009e4f6ef0}> (0x000000009e4f6ef0) 
thrown [s\src\hotspot\share\prims\jni.cpp, line 516]
Event: 442.257 Thread 0x000001eb791d0e90 Exception <a 'sun/nio/fs/WindowsException'{0x000000009da2ef00}> (0x000000009da2ef00) 
thrown [s\src\hotspot\share\prims\jni.cpp, line 516]
Event: 442.281 Thread 0x000001eb7b26cd50 Exception <a 'sun/nio/fs/WindowsException'{0x000000009d973d70}> (0x000000009d973d70) 
thrown [s\src\hotspot\share\prims\jni.cpp, line 516]
Event: 442.489 Thread 0x000001eb7b26cd50 Exception <a 'sun/nio/fs/WindowsException'{0x000000009d1cd340}> (0x000000009d1cd340) 
thrown [s\src\hotspot\share\prims\jni.cpp, line 516]
Event: 442.490 Thread 0x000001eb7b26cd50 Exception <a 'sun/nio/fs/WindowsException'{0x000000009d1cd500}> (0x000000009d1cd500) 
thrown [s\src\hotspot\share\prims\jni.cpp, line 516]
Event: 442.574 Thread 0x000001eb72803190 Exception <a 'java/lang/ClassNotFoundException'{0x000000009cefc950}: build_eqgg8c31txlohe4wxx8ynxqxpBeanInfo> (0x000000009cefc950) 
thrown [s\src\hotspot\share\classfile\systemDictionary.cpp, line 256]
Event: 442.575 Thread 0x000001eb72803190 Exception <a 'java/lang/ClassNotFoundException'{0x000000009cd042c0}: build_eqgg8c31txlohe4wxx8ynxqxpCustomizer> (0x000000009cd042c0) 
thrown [s\src\hotspot\share\classfile\systemDictionary.cpp, line 256]
Event: 445.653 Thread 0x000001eb72803190 Exception <a 'java/lang/ClassNotFoundException'{0x000000009c91be98}: build_67e88midjhjht1zww33fe6l9hBeanInfo> (0x000000009c91be98) 
thrown [s\src\hotspot\share\classfile\systemDictionary.cpp, line 256]
Event: 445.654 Thread 0x000001eb72803190 Exception <a 'java/lang/ClassNotFoundException'{0x000000009c9256f8}: build_67e88midjhjht1zww33fe6l9hCustomizer> (0x000000009c9256f8) 
thrown [s\src\hotspot\share\classfile\systemDictionary.cpp, line 256]

VM Operations (20 events):
Event: 435.530 Executing VM operation: Cleanup
Event: 435.532 Executing VM operation: Cleanup done
Event: 436.532 Executing VM operation: Cleanup
Event: 436.532 Executing VM operation: Cleanup done
Event: 437.543 Executing VM operation: Cleanup
Event: 437.544 Executing VM operation: Cleanup done
Event: 438.553 Executing VM operation: Cleanup
Event: 438.599 Executing VM operation: Cleanup done
Event: 439.606 Executing VM operation: Cleanup
Event: 439.606 Executing VM operation: Cleanup done
Event: 440.619 Executing VM operation: Cleanup
Event: 440.712 Executing VM operation: Cleanup done
Event: 441.719 Executing VM operation: Cleanup
Event: 441.719 Executing VM operation: Cleanup done
Event: 442.731 Executing VM operation: Cleanup
Event: 442.731 Executing VM operation: Cleanup done
Event: 445.755 Executing VM operation: Cleanup
Event: 445.833 Executing VM operation: Cleanup done
Event: 446.074 Executing VM operation: G1CollectForAllocation
Event: 446.087 Executing VM operation: G1CollectForAllocation done

Memory protections (0 events):
No events

Nmethod flushes (20 events):
Event: 341.543 Thread 0x000001eb726ff840 flushing  nmethod 0x000001eb5e8e1a10
Event: 341.543 Thread 0x000001eb726ff840 flushing  nmethod 0x000001eb5e8e1d90
Event: 341.543 Thread 0x000001eb726ff840 flushing  nmethod 0x000001eb5e8e2e10
Event: 341.543 Thread 0x000001eb726ff840 flushing  nmethod 0x000001eb5e8e4a90
Event: 341.543 Thread 0x000001eb726ff840 flushing  nmethod 0x000001eb5e8e9590
Event: 341.543 Thread 0x000001eb726ff840 flushing  nmethod 0x000001eb5e91a310
Event: 341.543 Thread 0x000001eb726ff840 flushing  nmethod 0x000001eb5e920b90
Event: 341.543 Thread 0x000001eb726ff840 flushing  nmethod 0x000001eb5e938e10
Event: 341.543 Thread 0x000001eb726ff840 flushing  nmethod 0x000001eb5e941a10
Event: 341.543 Thread 0x000001eb726ff840 flushing  nmethod 0x000001eb5e97d510
Event: 341.543 Thread 0x000001eb726ff840 flushing  nmethod 0x000001eb5e99db90
Event: 341.544 Thread 0x000001eb726ff840 flushing  nmethod 0x000001eb5e9bd810
Event: 341.544 Thread 0x000001eb726ff840 flushing  nmethod 0x000001eb5e9bef90
Event: 341.544 Thread 0x000001eb726ff840 flushing  nmethod 0x000001eb5e9cff10
Event: 341.544 Thread 0x000001eb726ff840 flushing  nmethod 0x000001eb5e9d0b10
Event: 341.544 Thread 0x000001eb726ff840 flushing  nmethod 0x000001eb5ea03690
Event: 341.544 Thread 0x000001eb726ff840 flushing  nmethod 0x000001eb5ea04510
Event: 341.544 Thread 0x000001eb726ff840 flushing  nmethod 0x000001eb5ea15a10
Event: 341.544 Thread 0x000001eb726ff840 flushing  nmethod 0x000001eb5ea85510
Event: 371.504 Thread 0x000001eb726ff840 flushing  nmethod 0x000001eb5c921910

Events (20 events):
Event: 440.611 Thread 0x000001eb7b2741c0 Thread added: 0x000001eb7bc49a40
Event: 440.611 Thread 0x000001eb7b2741c0 Thread added: 0x000001eb7bc49530
Event: 440.611 Thread 0x000001eb7b2741c0 Thread added: 0x000001eb7bc4a970
Event: 440.616 Thread 0x000001eb7b2741c0 Thread added: 0x000001eb7bc49f50
Event: 440.786 Thread 0x000001eb7b2741c0 Thread added: 0x000001eb784edcb0
Event: 440.786 Thread 0x000001eb7b2741c0 Thread added: 0x000001eb784ebe50
Event: 440.786 Thread 0x000001eb7b2741c0 Thread added: 0x000001eb784ec360
Event: 440.786 Thread 0x000001eb7b2741c0 Thread added: 0x000001eb784ec870
Event: 440.786 Thread 0x000001eb7b2741c0 Thread added: 0x000001eb7d659a90
Event: 440.787 Thread 0x000001eb7b2741c0 Thread added: 0x000001eb7d65a9c0
Event: 440.787 Thread 0x000001eb7b2741c0 Thread added: 0x000001eb7d659070
Event: 440.795 Thread 0x000001eb7b2741c0 Thread added: 0x000001eb2b849570
Event: 440.795 Thread 0x000001eb7b2741c0 Thread added: 0x000001eb7bc4ae80
Event: 442.122 Thread 0x000001eb72803190 Thread added: 0x000001eb7db057a0
Event: 442.122 Thread 0x000001eb72803190 Thread added: 0x000001eb7db066d0
Event: 442.122 Thread 0x000001eb72803190 Thread added: 0x000001eb7db06be0
Event: 442.123 Thread 0x000001eb72803190 Thread added: 0x000001eb7f50e510
Event: 442.123 Thread 0x000001eb72803190 Thread added: 0x000001eb7f50ea20
Event: 442.123 Thread 0x000001eb72803190 Thread added: 0x000001eb7f50b270
Event: 442.123 Thread 0x000001eb72803190 Thread added: 0x000001eb7f50b780


Dynamic libraries:
0x00007ff613a70000 - 0x00007ff613a7e000 	C:\Program Files\Microsoft\jdk-17.0.16.8-hotspot\bin\java.exe
0x00007ff947050000 - 0x00007ff947268000 	C:\WINDOWS\SYSTEM32\ntdll.dll
0x00007ff9459e0000 - 0x00007ff945aa4000 	C:\WINDOWS\System32\KERNEL32.DLL
0x00007ff9447a0000 - 0x00007ff944b73000 	C:\WINDOWS\System32\KERNELBASE.dll
0x00007ff944260000 - 0x00007ff944371000 	C:\WINDOWS\System32\ucrtbase.dll
0x00007ff935c50000 - 0x00007ff935c6e000 	C:\Program Files\Microsoft\jdk-17.0.16.8-hotspot\bin\VCRUNTIME140.dll
0x00007ff935c70000 - 0x00007ff935c88000 	C:\Program Files\Microsoft\jdk-17.0.16.8-hotspot\bin\jli.dll
0x00007ff9469c0000 - 0x00007ff946b72000 	C:\WINDOWS\System32\USER32.dll
0x00007ff933c10000 - 0x00007ff933eac000 	C:\WINDOWS\WinSxS\amd64_microsoft.windows.common-controls_6595b64144ccf1df_6.0.22621.6060_none_2712eda17382d24b\COMCTL32.dll
0x00007ff944540000 - 0x00007ff944566000 	C:\WINDOWS\System32\win32u.dll
0x00007ff946d40000 - 0x00007ff946de7000 	C:\WINDOWS\System32\msvcrt.dll
0x00007ff9468f0000 - 0x00007ff946919000 	C:\WINDOWS\System32\GDI32.dll
0x00007ff944380000 - 0x00007ff94449b000 	C:\WINDOWS\System32\gdi32full.dll
0x00007ff9444a0000 - 0x00007ff94453a000 	C:\WINDOWS\System32\msvcp_win.dll
0x00007ff9459a0000 - 0x00007ff9459d1000 	C:\WINDOWS\System32\IMM32.DLL
0x00007ff9389a0000 - 0x00007ff9389ac000 	C:\Program Files\Microsoft\jdk-17.0.16.8-hotspot\bin\vcruntime140_1.dll
0x00007ff923c10000 - 0x00007ff923c99000 	C:\Program Files\Microsoft\jdk-17.0.16.8-hotspot\bin\msvcp140.dll
0x00007ff8f1cc0000 - 0x00007ff8f293a000 	C:\Program Files\Microsoft\jdk-17.0.16.8-hotspot\bin\server\jvm.dll
0x00007ff944eb0000 - 0x00007ff944f61000 	C:\WINDOWS\System32\ADVAPI32.dll
0x00007ff944cf0000 - 0x00007ff944d98000 	C:\WINDOWS\System32\sechost.dll
0x00007ff944630000 - 0x00007ff944658000 	C:\WINDOWS\System32\bcrypt.dll
0x00007ff945ab0000 - 0x00007ff945bc8000 	C:\WINDOWS\System32\RPCRT4.dll
0x00007ff945920000 - 0x00007ff945991000 	C:\WINDOWS\System32\WS2_32.dll
0x00007ff943e80000 - 0x00007ff943ecd000 	C:\WINDOWS\SYSTEM32\POWRPROF.dll
0x00007ff939410000 - 0x00007ff939444000 	C:\WINDOWS\SYSTEM32\WINMM.dll
0x00007ff93a570000 - 0x00007ff93a57a000 	C:\WINDOWS\SYSTEM32\VERSION.dll
0x00007ff943e60000 - 0x00007ff943e73000 	C:\WINDOWS\SYSTEM32\UMPDC.dll
0x00007ff943110000 - 0x00007ff943128000 	C:\WINDOWS\SYSTEM32\kernel.appcore.dll
0x00007ff936750000 - 0x00007ff93675a000 	C:\Program Files\Microsoft\jdk-17.0.16.8-hotspot\bin\jimage.dll
0x00007ff9413c0000 - 0x00007ff9415f3000 	C:\WINDOWS\SYSTEM32\DBGHELP.DLL
0x00007ff945bd0000 - 0x00007ff945f61000 	C:\WINDOWS\System32\combase.dll
0x00007ff9456e0000 - 0x00007ff9457b8000 	C:\WINDOWS\System32\OLEAUT32.dll
0x00007ff926410000 - 0x00007ff926442000 	C:\WINDOWS\SYSTEM32\dbgcore.DLL
0x00007ff9441e0000 - 0x00007ff94425b000 	C:\WINDOWS\System32\bcryptPrimitives.dll
0x00007ff935600000 - 0x00007ff93560f000 	C:\Program Files\Microsoft\jdk-17.0.16.8-hotspot\bin\instrument.dll
0x00007ff935c20000 - 0x00007ff935c46000 	C:\Program Files\Microsoft\jdk-17.0.16.8-hotspot\bin\java.dll
0x00007ff8fb0b0000 - 0x00007ff8fb186000 	C:\Program Files\Microsoft\jdk-17.0.16.8-hotspot\bin\jsvml.dll
0x00007ff946020000 - 0x00007ff9468bc000 	C:\WINDOWS\System32\SHELL32.dll
0x00007ff944660000 - 0x00007ff94479f000 	C:\WINDOWS\System32\wintypes.dll
0x00007ff942010000 - 0x00007ff94292a000 	C:\WINDOWS\SYSTEM32\windows.storage.dll
0x00007ff944fd0000 - 0x00007ff9450d4000 	C:\WINDOWS\System32\SHCORE.dll
0x00007ff946df0000 - 0x00007ff946e59000 	C:\WINDOWS\System32\shlwapi.dll
0x00007ff944090000 - 0x00007ff9440b5000 	C:\WINDOWS\SYSTEM32\profapi.dll
0x00007ff935890000 - 0x00007ff9358a8000 	C:\Program Files\Microsoft\jdk-17.0.16.8-hotspot\bin\zip.dll
0x00007ff935c00000 - 0x00007ff935c1b000 	C:\Program Files\Microsoft\jdk-17.0.16.8-hotspot\bin\net.dll
0x00007ff93cac0000 - 0x00007ff93cbec000 	C:\WINDOWS\SYSTEM32\WINHTTP.dll
0x00007ff9435e0000 - 0x00007ff943649000 	C:\WINDOWS\system32\mswsock.dll
0x00007ff9358b0000 - 0x00007ff9358c6000 	C:\Program Files\Microsoft\jdk-17.0.16.8-hotspot\bin\nio.dll
0x00007ff9363f0000 - 0x00007ff936400000 	C:\Program Files\Microsoft\jdk-17.0.16.8-hotspot\bin\verify.dll
0x00007ff935630000 - 0x00007ff935657000 	C:\Users\tarun\.gradle\native\68d5fa5c4cc2d200863cafc0d521ce42e7d3e7ee720ec0a83991735586a16f82\windows-amd64\native-platform.dll
0x00007ff8faf60000 - 0x00007ff8fb0a4000 	C:\Users\tarun\.gradle\native\e376f236ea51e6404a007f0833ffe2c6e607c4080706a723a18a27aeea778392\windows-amd64\native-platform-file-events.dll
0x00007ff935bf0000 - 0x00007ff935bfa000 	C:\Program Files\Microsoft\jdk-17.0.16.8-hotspot\bin\management.dll
0x00007ff935620000 - 0x00007ff93562c000 	C:\Program Files\Microsoft\jdk-17.0.16.8-hotspot\bin\management_ext.dll
0x00007ff9469b0000 - 0x00007ff9469b8000 	C:\WINDOWS\System32\PSAPI.DLL
0x00007ff943850000 - 0x00007ff94386b000 	C:\WINDOWS\SYSTEM32\CRYPTSP.dll
0x00007ff943070000 - 0x00007ff9430a7000 	C:\WINDOWS\system32\rsaenh.dll
0x00007ff9436f0000 - 0x00007ff943718000 	C:\WINDOWS\SYSTEM32\USERENV.dll
0x00007ff943870000 - 0x00007ff94387c000 	C:\WINDOWS\SYSTEM32\CRYPTBASE.dll
0x00007ff942bd0000 - 0x00007ff942bfd000 	C:\WINDOWS\SYSTEM32\IPHLPAPI.DLL
0x00007ff9450e0000 - 0x00007ff9450e9000 	C:\WINDOWS\System32\NSI.dll
0x00007ff93a580000 - 0x00007ff93a599000 	C:\WINDOWS\SYSTEM32\dhcpcsvc6.DLL
0x00007ff939220000 - 0x00007ff93923f000 	C:\WINDOWS\SYSTEM32\dhcpcsvc.DLL
0x00007ff942c50000 - 0x00007ff942d48000 	C:\WINDOWS\SYSTEM32\DNSAPI.dll
0x00007ff935610000 - 0x00007ff935619000 	C:\Program Files\Microsoft\jdk-17.0.16.8-hotspot\bin\extnet.dll
0x00007ff9355f0000 - 0x00007ff9355fe000 	C:\Program Files\Microsoft\jdk-17.0.16.8-hotspot\bin\sunmscapi.dll
0x00007ff944b80000 - 0x00007ff944ce8000 	C:\WINDOWS\System32\CRYPT32.dll
0x00007ff943a80000 - 0x00007ff943aae000 	C:\WINDOWS\SYSTEM32\ncrypt.dll
0x00007ff9439d0000 - 0x00007ff943a07000 	C:\WINDOWS\SYSTEM32\NTASN1.dll
0x00007ff891450000 - 0x00007ff891458000 	C:\WINDOWS\system32\wshunix.dll
0x00007ff8cc840000 - 0x00007ff8cc857000 	C:\WINDOWS\system32\napinsp.dll
0x00007ff8cc820000 - 0x00007ff8cc83b000 	C:\WINDOWS\system32\pnrpnsp.dll
0x00007ff8cc800000 - 0x00007ff8cc811000 	C:\WINDOWS\System32\winrnr.dll
0x00007ff93b400000 - 0x00007ff93b415000 	C:\WINDOWS\system32\wshbth.dll
0x00007ff8d7980000 - 0x00007ff8d79a1000 	C:\WINDOWS\system32\nlansp_c.dll
0x00007ff93cc80000 - 0x00007ff93cc8a000 	C:\Windows\System32\rasadhlp.dll
0x00007ff933180000 - 0x00007ff933204000 	C:\WINDOWS\System32\fwpuclnt.dll
0x00007ff943220000 - 0x00007ff943254000 	C:\WINDOWS\SYSTEM32\ntmarta.dll
0x00007ff943d80000 - 0x00007ff943d92000 	C:\WINDOWS\SYSTEM32\MSASN1.dll
0x00007ff943690000 - 0x00007ff9436b6000 	C:\WINDOWS\SYSTEM32\gpapi.dll

dbghelp: loaded successfully - version: 4.0.5 - missing functions: none
symbol engine: initialized successfully - sym options: 0x614 - pdb path: .;C:\Program Files\Microsoft\jdk-17.0.16.8-hotspot\bin;C:\WINDOWS\SYSTEM32;C:\WINDOWS\WinSxS\amd64_microsoft.windows.common-controls_6595b64144ccf1df_6.0.22621.6060_none_2712eda17382d24b;C:\Program Files\Microsoft\jdk-17.0.16.8-hotspot\bin\server;C:\Users\tarun\.gradle\native\68d5fa5c4cc2d200863cafc0d521ce42e7d3e7ee720ec0a83991735586a16f82\windows-amd64;C:\Users\tarun\.gradle\native\e376f236ea51e6404a007f0833ffe2c6e607c4080706a723a18a27aeea778392\windows-amd64

VM Arguments:
jvm_args: -XX:MaxMetaspaceSize=512m --add-opens=java.base/java.util=ALL-UNNAMED --add-opens=java.base/java.lang=ALL-UNNAMED --add-opens=java.base/java.lang.invoke=ALL-UNNAMED --add-opens=java.prefs/java.util.prefs=ALL-UNNAMED --add-opens=java.base/java.nio.charset=ALL-UNNAMED --add-opens=java.base/java.net=ALL-UNNAMED --add-opens=java.base/java.util.concurrent.atomic=ALL-UNNAMED -Xmx2048m -Dfile.encoding=utf8 -Duser.country=IN -Duser.language=en -Duser.variant -javaagent:C:\Users\tarun\.gradle\wrapper\dists\gradle-8.3-all\6en3ugtfdg5xnpx44z4qbwgas\gradle-8.3\lib\agents\gradle-instrumentation-agent-8.3.jar 
java_command: org.gradle.launcher.daemon.bootstrap.GradleDaemon 8.3
java_class_path (initial): C:\Users\tarun\.gradle\wrapper\dists\gradle-8.3-all\6en3ugtfdg5xnpx44z4qbwgas\gradle-8.3\lib\gradle-launcher-8.3.jar
Launcher Type: SUN_STANDARD

[Global flags]
     intx CICompilerCount                          = 4                                         {product} {ergonomic}
   size_t CompressedClassSpaceSize                 = 436207616                                 {product} {ergonomic}
     uint ConcGCThreads                            = 2                                         {product} {ergonomic}
     uint G1ConcRefinementThreads                  = 8                                         {product} {ergonomic}
   size_t G1HeapRegionSize                         = 1048576                                   {product} {ergonomic}
    uintx GCDrainStackTargetSize                   = 64                                        {product} {ergonomic}
   size_t InitialHeapSize                          = 264241152                                 {product} {ergonomic}
   size_t MarkStackSize                            = 4194304                                   {product} {ergonomic}
   size_t MaxHeapSize                              = 2147483648                                {product} {command line}
   size_t MaxMetaspaceSize                         = 536870912                                 {product} {command line}
   size_t MaxNewSize                               = 1287651328                                {product} {ergonomic}
   size_t MinHeapDeltaBytes                        = 1048576                                   {product} {ergonomic}
   size_t MinHeapSize                              = 8388608                                   {product} {ergonomic}
    uintx NonNMethodCodeHeapSize                   = 5839372                                {pd product} {ergonomic}
    uintx NonProfiledCodeHeapSize                  = 122909434                              {pd product} {ergonomic}
    uintx ProfiledCodeHeapSize                     = 122909434                              {pd product} {ergonomic}
    uintx ReservedCodeCacheSize                    = 251658240                              {pd product} {ergonomic}
     bool SegmentedCodeCache                       = true                                      {product} {ergonomic}
   size_t SoftMaxHeapSize                          = 2147483648                             {manageable} {ergonomic}
     bool UseCompressedClassPointers               = true                           {product lp64_product} {ergonomic}
     bool UseCompressedOops                        = true                           {product lp64_product} {ergonomic}
     bool UseG1GC                                  = true                                      {product} {ergonomic}
     bool UseLargePagesIndividualAllocation        = false                                  {pd product} {ergonomic}

Logging:
Log output configuration:
 #0: stdout all=warning uptime,level,tags
 #1: stderr all=off uptime,level,tags

Environment Variables:
JAVA_HOME=C:\Program Files\Microsoft\jdk-17.0.16.8-hotspot\
PATH=C:\Program Files\Microsoft\jdk-17.0.16.8-hotspot\bin;C:\oraclexe\app\oracle\product\11.2.0\server\bin;C:\WINDOWS\system32;C:\WINDOWS;C:\WINDOWS\System32\Wbem;C:\WINDOWS\System32\WindowsPowerShell\v1.0\;C:\WINDOWS\System32\OpenSSH\;C:\Program Files\dotnet\;C:\MinGW\bin;C:\Program Files\Java\jdk-21\bin;C:\Program Files\php-8.4.4;C:\ProgramData\ComposerSetup\bin;C:\Program Files\Git\cmd;C:\Program Files\Git\mingw64\bin;C:\Program Files\Git\usr\bin;C:\ProgramData\chocolatey\bin;C:\Program Files\nodejs\;C:\Users\tarun\AppData\Local\Android\Sdk\platform-tools;C:\Users\tarun\AppData\Local\Programs\Python\Python314\Scripts\;C:\Users\tarun\AppData\Local\Programs\Python\Python314\;C:\Users\tarun\AppData\Local\Programs\Python\Launcher\;C:\Program Files\Microsoft\jdk-17.0.16.8-hotspot\bin;C:\oraclexe\app\oracle\product\11.2.0\server\bin;C:\WINDOWS\system32;C:\WINDOWS;C:\WINDOWS\System32\Wbem;C:\WINDOWS\System32\WindowsPowerShell\v1.0\;C:\WINDOWS\System32\OpenSSH\;C:\Program Files\dotnet\;C:\MinGW\bin;C:\Program Files\Java\jdk-21\bin;C:\Program Files\php-8.4.4;C:\ProgramData\ComposerSetup\bin;C:\Program Files\Git\cmd;C:\Program Files\Git\mingw64\bin;C:\Program Files\Git\usr\bin;C:\ProgramData\chocolatey\bin;C:\Program Files\nodejs\;C:\Users\tarun\AppData\Local\Android\Sdk\platform-tools;;C:\Users\tarun\AppData\Local\Android\Sdk\platform-tools;C:\Users\tarun\AppData\Local\Android\Sdk\emulator;C:\Users\tarun\AppData\Local\Programs\Microsoft VS Code\bin;C:\Users\tarun\AppData\Local\Python\bin;C:\Users\tarun\AppData\Local\Programs\cursor\resources\app\bin
USERNAME=tarun
OS=Windows_NT
PROCESSOR_IDENTIFIER=Intel64 Family 6 Model 140 Stepping 1, GenuineIntel
TMP=C:\Users\tarun\AppData\Local\Temp
TEMP=C:\Users\tarun\AppData\Local\Temp



Periodic native trim disabled


---------------  S Y S T E M  ---------------

OS:
 Windows 11 , 64 bit Build 22621 (10.0.22621.5415)
OS uptime: 2 days 21:26 hours
Hyper-V role detected

CPU: total 8 (initial active 8) (4 cores per cpu, 2 threads per core) family 6 model 140 stepping 1 microcode 0xbe, cx8, cmov, fxsr, ht, mmx, 3dnowpref, sse, sse2, sse3, ssse3, sse4.1, sse4.2, popcnt, lzcnt, tsc, tscinvbit, avx, avx2, aes, erms, clmul, bmi1, bmi2, adx, avx512f, avx512dq, avx512cd, avx512bw, avx512vl, sha, fma, vzeroupper, avx512_vpopcntdq, avx512_vpclmulqdq, avx512_vaes, avx512_vnni, clflush, clflushopt, clwb, avx512_vbmi2, avx512_vbmi, hv
Processor Information for the first 8 processors :
  Max Mhz: 2419, Current Mhz: 2419, Mhz Limit: 2419

Memory: 4k page, system-wide physical 16118M (131M free)
TotalPageFile size 24971M (AvailPageFile size 0M)
current process WorkingSet (physical memory assigned to process): 979M, peak: 1031M
current process commit charge ("private bytes"): 1120M, peak: 1122M

vm_info: OpenJDK 64-Bit Server VM (17.0.16+8-LTS) for windows-amd64 JRE (17.0.16+8-LTS), built on Jul 10 2025 00:24:24 by "MicrosoftCorporation" with unknown MS VC++:1944

END.
